id,title,media_type,status,num_volumes,num_chapters,start_year,end_year,run_years,nsfw,serialization,in_jump_magazine,in_major_magazine,genres_raw,adapted_to_anime,genre_action,genre_adventure,genre_comedy,genre_drama,genre_fantasy,genre_horror,genre_mystery,genre_romance,genre_scifi,genre_slice_of_life,genre_sports,genre_supernatural,genre_thriller,genre_shounen,genre_shoujo,genre_seinen,genre_josei,genre_ecchi
13,One Piece,manga,currently_publishing,0,0,1997.0,,,white,Shounen Jump (Weekly),1,1,Action|Adventure|Fantasy|Shounen,1,1,1,0,0,1,0,0,0,0,0,0,0,0,1,0,0,0,0
127332,Heesu in Class 2,manhwa,finished,4,81,2017.0,2019.0,2.0,gray,Lezhin Comics Webtoon,0,0,Boys Love|School,0,0,0,0,0,0,0,0,0,0,0,0,0,0,0,0,0,0,0
124303,Hanazono-kun to Kazoe-san no Fukakai na Houkago,manga,finished,3,29,2019.0,2020.0,1.0,gray,Comic Days,0,0,Comedy|School,0,0,0,1,0,0,0,0,0,0,0,0,0,0,0,0,0,0,0
25,Fullmetal Alchemist,manga,finished,27,116,2001.0,2010.0,9.0,white,Shounen Gangan,0,0,Action|Adventure|Award Winning|Drama|Fantasy|Military|Shounen,1,1,1,0,1,1,0,0,0,0,0,0,0,0,1,0,0,0,0
157381,Watashi yori Tsuyoi Otoko to Kekkon shitai no: Seiso na Bijin Seito Kaichou (Jitsu wa Moto Banchou) no Himitsu wo Shiru Inkya (Jitsu wa Kanojo wo Koeru Saikyou no Yankee),manga,currently_publishing,0,0,2022.0,,,white,Comic Newtype,0,0,Romance|School,0,0,0,0,0,0,0,0,1,0,0,0,0,0,0,0,0,0,0
1259,Kimi no Kakera,manga,finished,9,27,2002.0,2010.0,8.0,white,Shounen Sunday,0,0,Adventure|Drama|Fantasy|Romance|Shounen|Supernatural,1,0,1,0,1,1,0,0,1,0,0,0,1,0,1,0,0,0,0
160118,All-Master Necromancer,manhwa,finished,0,96,2023.0,2025.0,2.0,white,KakaoPage,0,0,Action|Fantasy|Reincarnation,0,1,0,0,0,1,0,0,0,0,0,0,0,0,0,0,0,0,0
3267,Sex Therapist,manga,finished,1,7,2006.0,2006.0,0.0,gray,,0,0,Boys Love|Erotica|Supernatural,0,0,0,0,0,0,0,0,0,0,0,0,1,0,0,0,0,0,0
48099,Karasu ni Diamond,manga,finished,1,5,2010.0,2012.0,2.0,gray,Chara Selection,0,0,Boys Love|Erotica|Romance,0,0,0,0,0,0,0,0,1,0,0,0,0,0,0,0,0,0,0
156450,Baby Tyrant,manhwa,currently_publishing,0,0,2023.0,,,white,Naver Webtoon,0,0,Fantasy|Reincarnation,0,0,0,0,0,1,0,0,0,0,0,0,0,0,0,0,0,0,0
122766,Thoroughbred wa Nabikanai,manga,finished,1,6,2018.0,2019.0,1.0,gray,B's-LOVEY recottia,0,0,Boys Love|Erotica|School|Supernatural,0,0,0,0,0,0,0,0,0,0,0,0,1,0,0,0,0,0,0
4,Yokohama Kaidashi Kikou,manga,finished,14,142,1994.0,2006.0,12.0,white,Afternoon,0,0,Award Winning|Iyashikei|Sci-Fi|Seinen|Slice of Life,1,0,0,0,0,0,0,0,0,1,1,0,0,0,0,0,1,0,0
8421,Tonari no Inuyama-kun,one_shot,finished,0,1,2008.0,2008.0,0.0,white,LaLa,0,0,Shoujo,0,0,0,0,0,0,0,0,0,0,0,0,0,0,0,1,0,0,0
75493,Fairy Girls,manga,finished,4,21,2014.0,2016.0,2.0,white,Magazine Special,0,0,Action|Comedy|Fantasy|Shounen,0,1,0,1,0,1,0,0,0,0,0,0,0,0,1,0,0,0,0
393,Kindaichi Shounen no Jikenbo: File Series,manga,finished,27,219,1992.0,1997.0,5.0,white,Shounen Magazine (Weekly),0,0,Award Winning|Detective|Drama|Mystery|Shounen|Supernatural,1,0,0,0,1,0,0,1,0,0,0,0,1,0,1,0,0,0,0
2623,Shuushoku no Susume,one_shot,finished,0,1,2005.0,2005.0,0.0,gray,Be-Boy Gold,0,0,Boys Love|Erotica,1,0,0,0,0,0,0,0,0,0,0,0,0,0,0,0,0,0,0
9053,Ping,manhwa,finished,5,30,2007.0,2007.0,0.0,gray,Young Champ,0,0,Action|Ecchi|Martial Arts|School|Shounen,1,1,0,0,0,0,0,0,0,0,0,0,0,0,1,0,0,0,1
33429,Antimagia,manga,finished,2,10,2011.0,2012.0,1.0,white,Comic Gene,0,0,Action|Fantasy|Josei|Supernatural,0,1,0,0,0,1,0,0,0,0,0,0,1,0,0,0,0,1,0
2768,Rikara,manga,finished,1,5,2003.0,2003.0,0.0,gray,Magazine Be x Boy,0,0,Boys Love|Drama|Erotica|Historical,1,0,0,0,1,0,0,0,0,0,0,0,0,0,0,0,0,0,0
115830,Okusama wa α,manga,finished,1,7,2017.0,2018.0,1.0,gray,Omegaverse Project,0,0,Boys Love|Comedy|Erotica,0,0,0,1,0,0,0,0,0,0,0,0,0,0,0,0,0,0,0
162239,Blade & Bastard,manga,currently_publishing,0,0,2023.0,,,white,DRE Comics,0,0,Action|Adventure|Eligible Titles for You Should Read This|Fantasy,1,1,1,0,0,1,0,0,0,0,0,0,0,0,0,0,0,0,0
133798,Bareteru! Cocktail Knight,manga,finished,3,17,2020.0,2021.0,1.0,white,good! Afternoon,0,0,Comedy|Crossdressing|Romance|Seinen|Supernatural,0,0,0,1,0,0,0,0,1,0,0,0,1,0,0,0,1,0,0
97147,"Jinrou e no Tensei, Maou no Fukukan: Shidou-hen",manga,currently_publishing,0,0,2016.0,,,white,Comic Earth☆Star,0,0,Fantasy,0,0,0,0,0,1,0,0,0,0,0,0,0,0,0,0,0,0,0
23779,Kamisama no Memochou,manga,finished,3,23,2010.0,2012.0,2.0,white,Dengeki Daioh,0,0,Comedy|Drama|Mystery|Romance,1,0,0,1,1,0,0,1,1,0,0,0,0,0,0,0,0,0,0
39327,Seitokai Tantei Kirika,manga,finished,9,43,2012.0,2015.0,3.0,white,Shounen Sirius,0,0,Drama|Mystery|School|Shounen,0,0,0,0,1,0,0,1,0,0,0,0,0,0,1,0,0,0,0
139022,Surechigai wa Fuufu no Hajimari,manga,finished,2,33,2021.0,2022.0,1.0,white,,0,0,Comedy|Romance|Slice of Life,0,0,0,1,0,0,0,0,1,0,1,0,0,0,0,0,0,0,0
120358,Himari no Mawari,manga,finished,3,20,2018.0,2020.0,2.0,white,Manga Time Kirara Forward,0,0,Comedy|Slice of Life,0,0,0,1,0,0,0,0,0,0,1,0,0,0,0,0,0,0,0
2994,Brothers,manga,finished,4,22,,,,white,,0,0,Shounen,1,0,0,0,0,0,0,0,0,0,0,0,0,0,1,0,0,0,0
36277,Time Killers,manga,finished,1,11,2000.0,2008.0,8.0,white,Jump SQ.,1,0,Action|Shounen|Supernatural,0,1,0,0,0,0,0,0,0,0,0,0,1,0,1,0,0,0,0
390,Keroro Gunsou,manga,currently_publishing,0,0,1999.0,,,white,Shounen Ace,0,0,Award Winning|Comedy|Drama|Love Polygon|Sci-Fi|Shounen,1,0,0,1,1,0,0,0,0,1,0,0,0,0,1,0,0,0,0
147724,Volcanic Age,manhwa,finished,0,303,2017.0,2025.0,8.0,white,KakaoPage,0,0,Action|Adventure|Fantasy|Martial Arts|Time Travel,0,1,1,0,0,1,0,0,0,0,0,0,0,0,0,0,0,0,0
107082,Majo no Ie: Ellen no Nikki,manga,finished,2,9,2017.0,2018.0,1.0,white,Dragon Age,0,0,Horror|Mythology|Shounen|Supernatural,0,0,0,0,0,0,1,0,0,0,0,0,1,0,1,0,0,0,0
23,Ranma ½,manga,finished,38,407,1987.0,1996.0,9.0,white,Shounen Sunday,0,0,Action|Comedy|Ecchi|Harem|Martial Arts|Romance|School|Shounen,1,1,0,1,0,0,0,0,1,0,0,0,0,0,1,0,0,0,1
119282,NHK ni Youkoso!,novel,finished,1,12,2002.0,2002.0,0.0,white,,0,0,Comedy|Drama|Psychological|Romance,1,0,0,1,1,0,0,0,1,0,0,0,0,0,0,0,0,0,0
99627,Jidou Hanbaiki ni Umarekawatta Ore wa Meikyuu wo Samayou,light_novel,currently_publishing,0,0,2016.0,,,white,,0,0,Fantasy|Isekai|Reincarnation,1,0,0,0,0,1,0,0,0,0,0,0,0,0,0,0,0,0,0
62873,Ousama wa Shitsuji-sama,manga,finished,1,5,2011.0,2012.0,1.0,white,Mobile Flower,0,0,Romance,0,0,0,0,0,0,0,0,1,0,0,0,0,0,0,0,0,0,0
103834,Kawaikereba Hentai demo Suki ni Natte Kuremasu ka?,light_novel,finished,14,98,2017.0,2022.0,5.0,gray,,0,0,Comedy|Ecchi|Harem|Romance|School,1,0,0,1,0,0,0,0,1,0,0,0,0,0,0,0,0,0,1
1428,Katte ni Kaizou,manga,finished,26,289,1998.0,2004.0,6.0,white,Shounen Sunday,0,0,Action|Comedy|Parody|School|Sci-Fi|Shounen,1,1,0,1,0,0,0,0,0,1,0,0,0,0,1,0,0,0,0
1022,Eroica yori Ai wo Komete,manga,on_hiatus,39,0,1976.0,2012.0,36.0,white,Princess Gold,0,0,Action|Boys Love|Comedy|Historical|Mystery|Shoujo,1,1,0,1,0,0,0,1,0,0,0,0,0,0,0,1,0,0,0
146732,Make Heroine ga Oosugiru! @comic,manga,currently_publishing,0,0,2022.0,,,white,MangaONE,0,0,Comedy|Eligible Titles for You Should Read This|Romance|School,1,0,0,1,0,0,0,0,1,0,0,0,0,0,0,0,0,0,0
30381,Hell's Kitchen,manga,finished,13,53,2010.0,2014.0,4.0,white,Shounen Rival,0,0,Comedy|Gourmet|Shounen|Supernatural,0,0,0,1,0,0,0,0,0,0,0,0,1,0,1,0,0,0,0
172849,Tonari no Kurokawa-san,manga,currently_publishing,0,0,2024.0,,,white,Magazine pocket,0,0,Comedy|Romance|School,0,0,0,1,0,0,0,0,1,0,0,0,0,0,0,0,0,0,0
8876,Slayers,light_novel,currently_publishing,0,0,1990.0,,,white,,0,0,Action|Adventure|Comedy|Fantasy,1,1,1,1,0,1,0,0,0,0,0,0,0,0,0,0,0,0,0
17743,5-ji kara 9-ji made,manga,finished,16,106,2009.0,2020.0,11.0,white,Cheese!,0,0,Drama|Romance|Shoujo,0,0,0,0,1,0,0,0,1,0,0,0,0,0,0,1,0,0,0
13849,Boku wa Sakana.,one_shot,finished,0,1,2005.0,2005.0,0.0,white,Craft,0,0,Boys Love,0,0,0,0,0,0,0,0,0,0,0,0,0,0,0,0,0,0,0
12450,Nononono,manga,finished,13,142,2007.0,2010.0,3.0,white,Young Jump,1,1,Crossdressing|Drama|Ecchi|Psychological|Romance|Seinen|Sports,0,0,0,0,1,0,0,0,1,0,0,1,0,0,0,0,1,0,1
30,Ouran Koukou Host Club,manga,finished,18,87,2002.0,2010.0,8.0,white,LaLa,0,0,Comedy|Crossdressing|Drama|Reverse Harem|Romance|School|Shoujo,1,0,0,1,1,0,0,0,1,0,0,0,0,0,0,1,0,0,0
123626,Dark Heaven,manhwa,finished,6,84,2016.0,2017.0,1.0,gray,Lezhin Comics Webtoon,0,0,Boys Love|Drama|Erotica|Music,0,0,0,0,1,0,0,0,0,0,0,0,0,0,0,0,0,0,0
121180,"Sono Rettou Kishi, Level 999",manga,finished,11,34,2019.0,2025.0,6.0,white,Manga UP!,0,0,Action|Adventure|Comedy|Eligible Titles for You Should Read This|Fantasy,0,1,1,1,0,1,0,0,0,0,0,0,0,0,0,0,0,0,0
12760,Taiyou no Uta,manga,finished,1,4,2006.0,2006.0,0.0,white,,0,0,Drama|Josei|Romance|Slice of Life,0,0,0,0,1,0,0,0,1,0,1,0,0,0,0,0,0,1,0
148133,Tora wa Ryuu wo Mada Tabenai.,manga,currently_publishing,0,0,2021.0,,,white,Harta,0,0,Eligible Titles for You Should Read This|Fantasy|Seinen,0,0,0,0,0,1,0,0,0,0,0,0,0,0,0,0,1,0,0
3993,IS: Otoko demo Onna demo Nai Sei,manga,finished,17,82,2003.0,2009.0,6.0,white,Kiss,0,0,Award Winning|Drama|Josei|Romance,1,0,0,0,1,0,0,0,1,0,0,0,0,0,0,0,0,1,0
158616,Isshou Hatarakitakunai Ore ga Classmate no Daininki Idol ni Natsukaretara,manga,currently_publishing,0,0,2023.0,,,white,Comic Gardo,0,0,Comedy|Romance,1,0,0,1,0,0,0,0,1,0,0,0,0,0,0,0,0,0,0
59341,Endou-kun no Jikken Note,manga,finished,2,13,2013.0,2016.0,3.0,white,ihr hertZ,0,0,Boys Love|School|Slice of Life,0,0,0,0,0,0,0,0,0,0,1,0,0,0,0,0,0,0,0
5114,Romance Dawn,one_shot,finished,0,1,1996.0,1996.0,0.0,white,Shounen Jump Season Special,1,0,Action|Comedy|Shounen,1,1,0,1,0,0,0,0,0,0,0,0,0,0,1,0,0,0,0
147493,Rewriting the Villainess,manhwa,finished,0,62,2021.0,2023.0,2.0,white,Naver Webtoon,0,0,Drama|Love Polygon|Romance|School|Supernatural|Villainess,0,0,0,0,1,0,0,0,1,0,0,0,1,0,0,0,0,0,0
432,Y十M: Yagyuu Ninpouchou,manga,finished,11,100,2005.0,2007.0,2.0,white,Young Magazine (Monthly),0,0,Action|Martial Arts|Seinen,0,1,0,0,0,0,0,0,0,0,0,0,0,0,0,0,1,0,0
8951,Hotel Harbour View,manga,finished,1,2,1985.0,1985.0,0.0,white,Play Comic,0,0,Action|Drama|Mystery|Seinen,0,1,0,0,1,0,0,1,0,0,0,0,0,0,0,0,1,0,0
147741,I Fell into a Reverse Harem Game!,manhwa,currently_publishing,0,0,2020.0,,,white,KakaoPage,0,0,Fantasy|Isekai|Reverse Harem|Villainess,0,0,0,0,0,1,0,0,0,0,0,0,0,0,0,0,0,0,0
87921,Bakemono no Ko,manga,finished,4,20,2015.0,2016.0,1.0,white,Shounen Ace,0,0,Anthropomorphic|Fantasy|Isekai|Shounen,1,0,0,0,0,1,0,0,0,0,0,0,0,0,1,0,0,0,0
121509,Moto Kizoku Reijou de Mikon no Haha desu ga Musume-tachi ga Kawaisugite Boukenshagyou mo Ku ni Narimasen @comic,manga,currently_publishing,0,0,2019.0,,,white,Comic Corona,0,0,Adventure|Eligible Titles for You Should Read This|Fantasy,0,0,1,0,0,1,0,0,0,0,0,0,0,0,0,0,0,0,0
28,Nana,manga,on_hiatus,21,84,2000.0,2009.0,9.0,white,Cookie,0,0,Adult Cast|Award Winning|Drama|Love Polygon|Music|Romance|Shoujo,1,0,0,0,1,0,0,0,1,0,0,0,0,0,0,1,0,0,0
1826,Kimi to Scandal!,manga,finished,1,4,2004.0,2005.0,1.0,white,Hana to Yume,0,0,Comedy|Romance|Shoujo,1,0,0,1,0,0,0,0,1,0,0,0,0,0,0,1,0,0,0
16,Love Hina,manga,finished,14,120,1998.0,2001.0,3.0,white,Shounen Magazine (Weekly),0,0,Award Winning|Comedy|Ecchi|Harem|Romance|Shounen,1,0,0,1,0,0,0,0,1,0,0,0,0,0,1,0,0,0,1
587,Lucky☆Star,manga,currently_publishing,0,0,2003.0,,,white,Comptiq,0,0,CGDCT|Comedy|Gag Humor|Otaku Culture|Parody|School|Slice of Life,1,0,0,1,0,0,0,0,0,0,1,0,0,0,0,0,0,0,0
111508,Tawawa na Oppai wa Suki desu ka?: Kyonyuu Shoujo Anthology Comic,manga,currently_publishing,0,0,2017.0,,,gray,,0,0,Comedy|Ecchi,0,0,0,1,0,0,0,0,0,0,0,0,0,0,0,0,0,0,1
49347,Harapeko Usagi to Koisuru Ookami,manga,finished,1,6,2012.0,2013.0,1.0,gray,Asuka Ciel,0,0,Boys Love|Comedy|Erotica|Romance,0,0,0,1,0,0,0,0,1,0,0,0,0,0,0,0,0,0,0
60,π,manga,finished,9,101,2002.0,2005.0,3.0,gray,Big Comic Spirits,0,1,Comedy|Ecchi|Romance|School|Seinen,1,0,0,1,0,0,0,0,1,0,0,0,0,0,0,0,1,0,1
131780,"Party kara Tsuihou sareta Sono Chiyushi, Jitsu wa Saikyou ni Tsuki",manga,currently_publishing,0,0,2020.0,,,white,Gaugau Monster,0,0,Action|Adventure|Fantasy,1,1,1,0,0,1,0,0,0,0,0,0,0,0,0,0,0,0,0
120935,"Chibikko Kenja, Lv.1 kara Isekai de Ganbarimasu!",manga,currently_publishing,0,0,2018.0,,,white,Dengeki PlayStation,0,0,Adventure|Fantasy,0,0,1,0,0,1,0,0,0,0,0,0,0,0,0,0,0,0,0
103809,Assassins Pride,light_novel,currently_publishing,0,0,2016.0,,,white,,0,0,Fantasy,1,0,0,0,0,1,0,0,0,0,0,0,0,0,0,0,0,0,0
42,Dragon Ball,manga,finished,42,520,1984.0,1995.0,11.0,white,Shounen Jump (Weekly),1,1,Action|Adventure|Fantasy|Martial Arts|Shounen,1,1,1,0,0,1,0,0,0,0,0,0,0,0,1,0,0,0,0
125422,"See You Later, Mermaid",manga,finished,1,6,2018.0,2019.0,1.0,gray,.Bloom,0,0,Boys Love|Drama,1,0,0,0,1,0,0,0,0,0,0,0,0,0,0,0,0,0,0
113138,Jujutsu Kaisen,manga,finished,30,272,2018.0,2024.0,6.0,white,Shounen Jump (Weekly),1,1,Action|School|Shounen|Supernatural,1,1,0,0,0,0,0,0,0,0,0,0,1,0,1,0,0,0,0
113558,NEET dakedo Hello Work ni Ittara Isekai ni Tsuretekareta,manga,currently_publishing,0,0,2017.0,,,white,Comic Valkyrie,0,0,Action|Comedy|Fantasy|Harem|Isekai|Romance|Seinen,0,1,0,1,0,1,0,0,1,0,0,0,0,0,0,0,1,0,0
13245,Chihayafuru,manga,finished,50,253,2007.0,2022.0,15.0,white,Be-Love,0,0,Award Winning|Drama|Josei|Love Polygon|Romance|Strategy Game,1,0,0,0,1,0,0,0,1,0,0,0,0,0,0,0,0,1,0
53,Yuu☆Yuu☆Hakusho,manga,finished,19,176,1990.0,1994.0,4.0,white,Shounen Jump (Weekly),1,1,Action|Award Winning|Comedy|Drama|Shounen|Supernatural,1,1,0,1,1,0,0,0,0,0,0,0,1,0,1,0,0,0,0
23390,Shingeki no Kyojin,manga,finished,34,141,2009.0,2021.0,12.0,white,Bessatsu Shounen Magazine,0,0,Action|Award Winning|Drama|Gore|Military|Shounen|Survival|Suspense,1,1,0,0,1,0,0,0,0,0,0,0,0,0,1,0,0,0,0
12922,+C: Sword and Cornett,manga,finished,8,52,2008.0,2012.0,4.0,white,Comic ZERO-SUM,0,0,Action|Adventure|Drama|Fantasy|Josei,0,1,1,0,1,1,0,0,0,0,0,0,0,0,0,0,0,1,0
121165,Shinigami ni Sodaterareta Shoujo wa Shikkoku no Ken wo Mune ni Idaku,manga,currently_publishing,0,0,2019.0,,,white,Dengeki Daioh,0,0,Action|Eligible Titles for You Should Read This|Fantasy,0,1,0,0,0,1,0,0,0,0,0,0,0,0,0,0,0,0,0
51909,"Mazu wa, Hitokuchi.",manga,finished,1,8,2011.0,2012.0,1.0,gray,drap,0,0,Boys Love|Comedy|Erotica,0,0,0,1,0,0,0,0,0,0,0,0,0,0,0,0,0,0,0
54559,Akudama,manga,finished,1,6,2011.0,2012.0,1.0,white,Canna,0,0,Boys Love|Drama|Erotica,1,0,0,0,1,0,0,0,0,0,0,0,0,0,0,0,0,0,0
3269,Seitokaichou ni Chuukoku,manga,currently_publishing,0,0,2005.0,,,gray,Dear+,0,0,Boys Love|Comedy|Drama|Erotica|School,1,0,0,1,1,0,0,0,0,0,0,0,0,0,0,0,0,0,0
20553,Kimi-iro Focus,manga,finished,10,40,2009.0,2012.0,3.0,gray,Shounen Champion (Weekly),0,0,Comedy|Ecchi|Harem|Romance|School|Shounen,0,0,0,1,0,0,0,0,1,0,0,0,0,0,1,0,0,0,1
12885,Miman Renai,manga,finished,5,30,2008.0,2010.0,2.0,white,Comic High!,0,0,Comedy|Romance|Seinen,0,0,0,1,0,0,0,0,1,0,0,0,0,0,0,0,1,0,0
73,Tenjou Tenge,manga,finished,22,136,1997.0,2010.0,13.0,gray,Ultra Jump,1,0,Action|Drama|Ecchi|Martial Arts|Romance|School|Seinen|Supernatural,1,1,0,0,1,0,0,0,1,0,0,0,1,0,0,0,1,0,1
2859,Kouun no Rihatsushi,manga,currently_publishing,0,0,2009.0,,,gray,Chara,0,0,Boys Love|Erotica,0,0,0,0,0,0,0,0,0,0,0,0,0,0,0,0,0,0,0
31511,Oda Nobuna no Yabou,manga,finished,6,32,2011.0,2014.0,3.0,white,Comp Ace,0,0,Comedy|Historical|Romance|Time Travel,1,0,0,1,0,0,0,0,1,0,0,0,0,0,0,0,0,0,0
107384,Deaikei Site de Imouto to Deau Hanashi,manga,finished,1,5,2017.0,2017.0,0.0,white,,0,0,Comedy|Romance,0,0,0,1,0,0,0,0,1,0,0,0,0,0,0,0,0,0,0
147933,The Villainess Needs Her Tyrant,manhwa,finished,0,70,2021.0,2022.0,1.0,white,KakaoPage,0,0,Fantasy|Romance|Time Travel,0,0,0,0,0,1,0,0,1,0,0,0,0,0,0,0,0,0,0
34091,Rec: Kimi ga Naita Hi,manga,finished,1,6,2010.0,2011.0,1.0,white,Ribon Magazine,0,0,Drama|Romance|School|Shoujo,0,0,0,0,1,0,0,0,1,0,0,0,0,0,0,1,0,0,0
131443,Onna no Sono no Hoshi,manga,currently_publishing,0,0,2020.0,,,white,Feel Young,0,0,Comedy|Eligible Titles for You Should Read This|Josei|School|Slice of Life,1,0,0,1,0,0,0,0,0,0,1,0,0,0,0,0,0,1,0
41735,Ayame to Amane,manga,finished,1,0,2010.0,2016.0,6.0,gray,Comic Megastore H,0,0,Comedy|Erotica|Girls Love|School,0,0,0,1,0,0,0,0,0,0,0,0,0,0,0,0,0,0,0
24,D.Gray-man,manga,currently_publishing,0,0,2004.0,,,white,Jump SQ.Rise,1,0,Action|Adventure|Fantasy|Shounen|Urban Fantasy,1,1,1,0,0,1,0,0,0,0,0,0,0,0,1,0,0,0,0
1207,Terra e...,manga,finished,5,28,1976.0,1980.0,4.0,white,Manga Shounen,0,0,Adventure|Award Winning|Drama|Sci-Fi|Shounen|Space,1,0,1,0,1,0,0,0,0,1,0,0,0,0,1,0,0,0,0
119612,Kanojo ga Suki na Mono wa Homo de Atte Boku dewa Nai,manga,finished,3,13,2019.0,2020.0,1.0,white,Comic Bridge,0,0,Drama|Josei|School,0,0,0,0,1,0,0,0,0,0,0,0,0,0,0,0,0,1,0
143425,Hikikomari Kyuuketsuki no Monmon,manga,finished,4,19,2021.0,2025.0,4.0,white,Big Gangan,0,0,Comedy|Fantasy|Seinen|Vampire,1,0,0,1,0,1,0,0,0,0,0,0,0,0,0,0,1,0,0
104273,Sakura Quest,manga,finished,5,0,2017.0,2018.0,1.0,white,,0,0,Adult Cast|Comedy|Slice of Life|Workplace,1,0,0,1,0,0,0,0,0,0,1,0,0,0,0,0,0,0,0
98379,Bungou Stray Dogs Wan!,manga,currently_publishing,0,0,2015.0,,,white,Young Ace UP,0,0,Comedy|Slice of Life|Supernatural,1,0,0,1,0,0,0,0,0,0,1,0,1,0,0,0,0,0,0
121045,Yoru to Asa no Uta Ec,manga,finished,1,8,2017.0,2018.0,1.0,gray,Qpa,0,0,Boys Love|Drama|Erotica|Music,0,0,0,0,1,0,0,0,0,0,0,0,0,0,0,0,0,0,0
127495,Nameraretakunai Namekawa-san,manga,finished,4,33,2020.0,2022.0,2.0,gray,Comic Yuri Hime,0,0,Comedy|Ecchi|Girls Love|School,0,0,0,1,0,0,0,0,0,0,0,0,0,0,0,0,0,0,1
1989,"Nee, Sensei?",manga,finished,1,6,2007.0,2007.0,0.0,gray,b-Boy Phoenix,0,0,Boys Love|Erotica|School,0,0,0,0,0,0,0,0,0,0,0,0,0,0,0,0,0,0,0
9254,Omega 7: Jieitai Tokushu Commando Butai - Sousei-hen,manga,finished,1,5,1994.0,1994.0,0.0,white,,0,0,Action|Military|Seinen,1,1,0,0,0,0,0,0,0,0,0,0,0,0,0,0,1,0,0
93065,Samon-kun wa Summoner,manga,finished,10,89,2015.0,2017.0,2.0,white,Shounen Jump (Weekly),1,1,Comedy|Shounen|Supernatural,0,0,0,1,0,0,0,0,0,0,0,0,1,0,1,0,0,0,0
21,Death Note,manga,finished,12,108,2003.0,2006.0,3.0,white,Shounen Jump (Weekly),1,1,Psychological|Shounen|Supernatural|Suspense,1,0,0,0,0,0,0,0,0,0,0,0,1,0,1,0,0,0,0
54775,Yongbyeong Maluhan,manhwa,finished,15,103,2012.0,2016.0,4.0,white,Young Champ,0,0,Action|Fantasy|Martial Arts,0,1,0,0,0,1,0,0,0,0,0,0,0,0,0,0,0,0,0
10454,B.Ichi,manga,finished,4,20,2001.0,2003.0,2.0,white,Shounen Gangan,0,0,Fantasy|Shounen|Supernatural,0,0,0,0,0,1,0,0,0,0,0,0,1,0,1,0,0,0,0
2972,Rokumon Tengai Mon Colle Knight,manga,finished,4,18,2000.0,2001.0,1.0,white,Dragon Junior,0,0,Action|Adventure|Comedy|Fantasy|Shounen,1,1,1,1,0,1,0,0,0,0,0,0,0,0,1,0,0,0,0
5373,Touhou Bougetsushou: Cage in Lunatic Runagate.,light_novel,finished,1,9,2007.0,2009.0,2.0,white,,0,0,Mythology|Super Power|Supernatural,0,0,0,0,0,0,0,0,0,0,0,0,1,0,0,0,0,0,0
141402,Kankin Ou,manga,currently_publishing,0,0,2021.0,,,gray,Young Dragon Age,0,0,Erotica|Harem|Seinen|Supernatural|Suspense,0,0,0,0,0,0,0,0,0,0,0,0,1,0,0,0,1,0,0
99575,Usotoki Rhetoric,manga,finished,10,50,2012.0,2018.0,6.0,white,Bessatsu Hana to Yume,0,0,Detective|Historical|Mystery|Romance|Shoujo,0,0,0,0,0,0,0,1,1,0,0,0,0,0,0,1,0,0,0
474,Shinsengumi Imon Peace Maker,manga,finished,6,30,1999.0,2001.0,2.0,white,Shounen Gangan,0,0,Action|Historical|Samurai|Shounen,1,1,0,0,0,0,0,0,0,0,0,0,0,0,1,0,0,0,0
56509,Saltiness,manga,finished,4,44,2012.0,2013.0,1.0,white,Young Magazine (Weekly),0,0,Seinen,0,0,0,0,0,0,0,0,0,0,0,0,0,0,0,0,1,0,0
17233,Kentou Ankokuden Cestvs,manga,finished,15,154,1997.0,2009.0,12.0,white,Young Animal,0,0,Action|Combat Sports|Drama|Historical|Seinen,0,1,0,0,1,0,0,0,0,0,0,0,0,0,0,0,1,0,0
109906,Tatoeba Last Dungeon Mae no Mura no Shounen ga Joban no Machi de Kurasu Youna Monogatari,manga,finished,12,52,2017.0,2023.0,6.0,white,Gangan Online,0,0,Comedy|Eligible Titles for You Should Read This|Fantasy,1,0,0,1,0,1,0,0,0,0,0,0,0,0,0,0,0,0,0
3249,Osakana wa Ami no Naka,manga,finished,3,20,1990.0,1994.0,4.0,gray,Gust,0,0,Boys Love|Erotica,1,0,0,0,0,0,0,0,0,0,0,0,0,0,0,0,0,0,0
133430,Saikyou Mahoushi no Inton Keikaku: The Alternative,manga,finished,10,41,2020.0,2023.0,3.0,white,Manga UP!,0,0,Action|Adventure|Fantasy,0,1,1,0,0,1,0,0,0,0,0,0,0,0,0,0,0,0,0
31053,Udon no Hito,manga,finished,1,8,2010.0,2011.0,1.0,white,Feel Young,0,0,Josei|Slice of Life,0,0,0,0,0,0,0,0,0,0,1,0,0,0,0,0,0,1,0
764,Kamui,manga,finished,11,51,2001.0,2003.0,2.0,white,Stencil,0,0,Action|Adventure|Fantasy|Sci-Fi|Shoujo|Super Power,1,1,1,0,0,1,0,0,0,1,0,0,0,0,0,1,0,0,0
11929,Touhou Sangetsusei: Strange and Bright Nature Deity,manga,finished,3,28,2006.0,2009.0,3.0,white,Comp Ace,0,0,Comedy|Fantasy,0,0,0,1,0,1,0,0,0,0,0,0,0,0,0,0,0,0,0
4087,Satonaka Chuugaku Housoubu,manga,finished,1,0,,,,white,,0,0,,1,0,0,0,0,0,0,0,0,0,0,0,0,0,0,0,0,0,0
165811,Kaijuu 8-gou: Side B,manga,finished,2,12,2024.0,2024.0,0.0,white,Shounen Jump+,1,1,Action|Sci-Fi|Shounen,1,1,0,0,0,0,0,0,0,1,0,0,0,0,1,0,0,0,0
161420,Why Are You Obsessed With Your Fake Wife?,manhwa,currently_publishing,0,0,2023.0,,,white,KakaoPage,0,0,Fantasy|Romance|Time Travel,0,0,0,0,0,1,0,0,1,0,0,0,0,0,0,0,0,0,0
135801,Ame no Furu,manga,finished,3,22,2021.0,2021.0,0.0,white,Shounen Jump (Weekly),1,1,Action|Comedy|Shounen|Super Power,0,1,0,1,0,0,0,0,0,0,0,0,0,0,1,0,0,0,0
1706,JoJo no Kimyou na Bouken Part 7: Steel Ball Run,manga,finished,24,96,2004.0,2011.0,7.0,white,Ultra Jump,1,0,Action|Adventure|Historical|Mystery|Seinen|Shounen|Supernatural,1,1,1,0,0,0,0,1,0,0,0,0,1,0,1,0,1,0,0
21736,Sonomama de,doujinshi,finished,5,6,2009.0,2013.0,4.0,gray,,0,0,Boys Love|Erotica,0,0,0,0,0,0,0,0,0,0,0,0,0,0,0,0,0,0,0
142457,Umi ga Hashiru End Roll,manga,finished,9,0,2020.0,2025.0,5.0,white,Mystery Bonita,0,0,Eligible Titles for You Should Read This|Shoujo|Slice of Life,0,0,0,0,0,0,0,0,0,0,1,0,0,0,0,1,0,0,0
94878,Swap⇔Swap,manga,finished,4,56,2014.0,2019.0,5.0,white,Manga Time Kirara Carat,0,0,Comedy|Girls Love|School|Supernatural,1,0,0,1,0,0,0,0,0,0,0,0,1,0,0,0,0,0,0
147930,Taming the Marquess,manhwa,finished,0,95,2021.0,2024.0,3.0,white,Naver Webtoon,0,0,Fantasy|Romance,0,0,0,0,0,1,0,0,1,0,0,0,0,0,0,0,0,0,0
191089,Watashi no Koto Suki ja Nakatta no ka yo!?,manga,currently_publishing,0,0,2026.0,,,white,Young Jump,1,1,Comedy|Harem|Romance|School|Seinen,0,0,0,1,0,0,0,0,1,0,0,0,0,0,0,0,1,0,0
169830,A Flame Reborn,manhwa,currently_publishing,0,0,2024.0,,,white,Naver Webtoon,0,0,Action|Fantasy|Time Travel,0,1,0,0,0,1,0,0,0,0,0,0,0,0,0,0,0,0,0
2208,Kasou Genjitsu Renairon,manga,finished,1,0,2001.0,2001.0,0.0,white,,0,0,Boys Love|Crossdressing,1,0,0,0,0,0,0,0,0,0,0,0,0,0,0,0,0,0,0
32,666 Satan,manga,finished,19,78,2001.0,2007.0,6.0,white,Shounen Gangan,0,0,Action|Adventure|Comedy|Drama|Fantasy|Shounen|Supernatural,1,1,1,1,1,1,0,0,0,0,0,0,1,0,1,0,0,0,0
10000,"""Bungaku Shoujo"" Series",light_novel,finished,8,74,2006.0,2008.0,2.0,white,,0,0,Drama|Mystery|Romance,1,0,0,0,1,0,0,1,1,0,0,0,0,0,0,0,0,0,0
102204,I Am a Hero in Ibaraki,manga,finished,1,6,2016.0,2016.0,0.0,white,Yawaraka Spirits,0,0,Action|Drama|Horror,0,1,0,0,1,0,1,0,0,0,0,0,0,0,0,0,0,0,0
80,Angelic Layer,manga,finished,5,28,1998.0,2001.0,3.0,white,Shounen Ace,0,0,Action|Comedy|Drama|Sci-Fi|Shounen|Strategy Game,1,1,0,1,1,0,0,0,0,1,0,0,0,0,1,0,0,0,0
95333,Monster Musume no Iru Nichijou 4-koma Anthology,manga,currently_publishing,0,0,2015.0,,,gray,,0,0,Comedy|Fantasy,1,0,0,1,0,1,0,0,0,0,0,0,0,0,0,0,0,0,0
27587,King Golf,manga,currently_publishing,0,0,2008.0,,,white,Shounen Sunday Super,0,0,Action|Award Winning|Comedy|Shounen|Sports,0,1,0,1,0,0,0,0,0,0,0,1,0,0,1,0,0,0,0
12194,Togainu no Chi,manga,on_hiatus,10,0,2006.0,2013.0,7.0,gray,Comic B's-LOG,0,0,Action|Boys Love|Drama|Sci-Fi|Shoujo|Survival,0,1,0,0,1,0,0,0,0,1,0,0,0,0,0,1,0,0,0
51589,Ochite Chikachika,manga,finished,1,5,2013.0,2013.0,0.0,white,Sho-Comi,0,0,Romance|Shoujo,0,0,0,0,0,0,0,0,1,0,0,0,0,0,0,1,0,0,0
149567,"Destiny Unchain Online: Kyuuketsuki Shoujo to Natte, Yagate ""Aka no Maou"" to Yobareru you ni Narimashita",manga,currently_publishing,0,0,2022.0,,,white,Magazine pocket,0,0,Adventure|Fantasy|Magical Sex Shift|Vampire|Video Game,0,0,1,0,0,1,0,0,0,0,0,0,0,0,0,0,0,0,0
173477,Wakaba-san Chi no Aoi Koi,manga,currently_publishing,0,0,2024.0,,,white,Sunday Webry,0,0,Comedy|Romance,0,0,0,1,0,0,0,0,1,0,0,0,0,0,0,0,0,0,0
95838,"Itadakimasu, Gochisousama",manga,finished,1,6,2015.0,2015.0,0.0,gray,Hanaoto,0,0,Boys Love|Erotica,0,0,0,0,0,0,0,0,0,0,0,0,0,0,0,0,0,0,0
60975,Mahouka Koukou no Rettousei: Yokohama Souran-hen,manga,finished,5,24,2013.0,2015.0,2.0,white,GFantasy,0,0,Action|Fantasy|Sci-Fi|Urban Fantasy,1,1,0,0,0,1,0,0,0,1,0,0,0,0,0,0,0,0,0
56045,Eroman: Kami to Pen to Sex to!!,manga,finished,1,9,2012.0,2012.0,0.0,gray,,0,0,Boys Love|Comedy|Erotica,0,0,0,1,0,0,0,0,0,0,0,0,0,0,0,0,0,0,0
1258,Higurashi no Naku Koro ni: Watanagashi-hen,manga,finished,2,12,2005.0,2006.0,1.0,white,Gangan Wing,0,0,Drama|Horror|Mystery|Psychological|Shounen,1,0,0,0,1,0,1,1,0,0,0,0,0,0,1,0,0,0,0
1904,Salad Days,manga,finished,18,165,1997.0,2001.0,4.0,white,Shounen Sunday,0,0,Drama|Romance|School|Shounen|Slice of Life,0,0,0,0,1,0,0,0,1,0,1,0,0,0,1,0,0,0,0
93844,Niichan,manga,finished,1,6,2014.0,2017.0,3.0,gray,Canna,0,0,Boys Love|Erotica,1,0,0,0,0,0,0,0,0,0,0,0,0,0,0,0,0,0,0
67175,Tsuiteru Kanojo.,manga,finished,3,0,2012.0,2015.0,3.0,white,Dengeki D-manga Online,0,0,Ecchi|Romance|Seinen,0,0,0,0,0,0,0,0,1,0,0,0,0,0,0,0,1,0,1
54827,Nariyuki Makase no Tengu Michi,manga,finished,2,13,2012.0,2014.0,2.0,gray,Dengeki Daioh Web Comic,0,0,Comedy|Ecchi|Romance|Seinen|Supernatural,0,0,0,1,0,0,0,0,1,0,0,0,1,0,0,0,1,0,1
125444,Boku no Hero Academia: Villain Rengou:Undercover,one_shot,finished,0,1,2019.0,2019.0,0.0,white,,0,0,Action|Shounen|Super Power,1,1,0,0,0,0,0,0,0,0,0,0,0,0,1,0,0,0,0
122975,Nanatsu no Maken ga Shihai suru,light_novel,currently_publishing,0,0,2018.0,,,white,,0,0,Action|Fantasy|School,1,1,0,0,0,1,0,0,0,0,0,0,0,0,0,0,0,0,0
2129,Love Round!!,manga,finished,1,6,2003.0,2003.0,0.0,gray,,0,0,Boys Love|Erotica,1,0,0,0,0,0,0,0,0,0,0,0,0,0,0,0,0,0,0
147073,My Life as a Loser,manhwa,finished,0,56,2019.0,2020.0,1.0,white,Naver Webtoon,0,0,Action|Drama|School|Time Travel,0,1,0,0,1,0,0,0,0,0,0,0,0,0,0,0,0,0,0
1184,Rough,manga,finished,12,119,1987.0,1989.0,2.0,white,Shounen Sunday,0,0,Comedy|Drama|Romance|School|Shounen|Sports|Team Sports,1,0,0,1,1,0,0,0,1,0,0,1,0,0,1,0,0,0,0
16192,Kimi wa Kirakira,manga,finished,1,5,2008.0,2008.0,0.0,white,Petit Comic,0,0,Josei|Romance|Sports,1,0,0,0,0,0,0,0,1,0,0,1,0,0,0,0,0,1,0
49,Tennis no Oujisama,manga,finished,42,382,1999.0,2008.0,9.0,white,Shounen Jump (Weekly),1,1,School|Shounen|Sports,1,0,0,0,0,0,0,0,0,0,0,1,0,0,1,0,0,0,0
1410,Apollo no Uta,manga,finished,3,6,1970.0,1970.0,0.0,white,Shounen King,0,0,Drama|Fantasy|Psychological|Shounen,0,0,0,0,1,1,0,0,0,0,0,0,0,0,1,0,0,0,0
3093,Glass no Megami,manga,finished,3,27,2006.0,2008.0,2.0,gray,Vitaman,0,0,Drama|Erotica|Romance|School|Seinen,0,0,0,0,1,0,0,0,1,0,0,0,0,0,0,0,1,0,0
4059,Sonna no Koi Janai,manga,finished,1,5,2000.0,2000.0,0.0,white,Betsucomi,0,0,Drama|Shoujo|Slice of Life,1,0,0,0,1,0,0,0,0,0,1,0,0,0,0,1,0,0,0
132671,Genkai Chitai,manga,currently_publishing,0,0,2020.0,,,gray,LINE Manga,0,0,Eligible Titles for You Should Read This|Horror,0,0,0,0,0,0,1,0,0,0,0,0,0,0,0,0,0,0,0
101183,Sweet Heart Trigger,manga,finished,3,19,2015.0,2021.0,6.0,gray,,0,0,Boys Love|Erotica,0,0,0,0,0,0,0,0,0,0,0,0,0,0,0,0,0,0,0
13194,Boyfriend,manga,finished,3,11,2009.0,2010.0,1.0,white,Nakayoshi,0,0,Drama|Romance|Shoujo,1,0,0,0,1,0,0,0,1,0,0,0,0,0,0,1,0,0,0
23067,Kore wa Zombie desu ka?,light_novel,finished,19,118,2009.0,2015.0,6.0,white,,0,0,Comedy|Romance|Supernatural,1,0,0,1,0,0,0,0,1,0,0,0,1,0,0,0,0,0,0
739,Orion no Shounen: Aquarian Age,manga,finished,5,25,2001.0,2003.0,2.0,white,,0,0,Adventure|Drama|Romance|Shoujo|Supernatural,0,0,1,0,1,0,0,0,1,0,0,0,1,0,0,1,0,0,0
45337,Bullet Armors,manga,finished,6,29,2010.0,2012.0,2.0,white,Gessan,0,0,Action|Adventure|Sci-Fi|Shounen,0,1,1,0,0,0,0,0,0,1,0,0,0,0,1,0,0,0,0
172047,Manemane Nichinichi,manga,currently_publishing,0,0,2024.0,,,white,Gessan,0,0,CGDCT|Comedy|School|Shounen|Sports,0,0,0,1,0,0,0,0,0,0,0,1,0,0,1,0,0,0,0
6818,Senpai to Kanojo,manga,finished,2,8,2004.0,2005.0,1.0,white,Bessatsu Friend,0,0,,0,0,0,0,0,0,0,0,0,0,0,0,0,0,0,0,0,0,0
154109,"Kiyoubinbou, Shiro wo Tateru: Kaitaku Gakuen no Rettousei nanoni, Joukyuushoku no Skill to Mahou ga Subete Tsukaemasu @comic",manga,currently_publishing,0,0,2022.0,,,white,MAGCOMI,0,0,Action|Fantasy|School,0,1,0,0,0,1,0,0,0,0,0,0,0,0,0,0,0,0,0
21890,Sailor♥Danshi,manga,finished,1,7,2009.0,2009.0,0.0,gray,Boy's LOVE ,0,0,Boys Love|Comedy|Erotica|School,0,0,0,1,0,0,0,0,0,0,0,0,0,0,0,0,0,0,0
239,Yabai Kimochi,manga,finished,1,4,2001.0,2001.0,0.0,gray,,0,0,Boys Love|Erotica|School,0,0,0,0,0,0,0,0,0,0,0,0,0,0,0,0,0,0,0
98421,Watashi no Shumi tte Hen desu ka?,manga,finished,1,9,2015.0,2016.0,1.0,gray,,0,0,Girls Love|Hentai|School,0,0,0,0,0,0,0,0,0,0,0,0,0,0,0,0,0,0,0
168883,The Curious Case of Chronicle,manhwa,currently_publishing,0,0,2023.0,,,white,KakaoPage,0,0,Action|Fantasy|Isekai|Reincarnation,0,1,0,0,0,1,0,0,0,0,0,0,0,0,0,0,0,0,0
155704,Philomel the Fake,manhwa,currently_publishing,0,0,2023.0,,,white,KakaoPage,0,0,Fantasy|Romance,1,0,0,0,0,1,0,0,1,0,0,0,0,0,0,0,0,0,0
109,Wish,manga,finished,4,26,1995.0,1998.0,3.0,white,Asuka Mystery DX,0,0,Fantasy|Romance|Shoujo|Supernatural,1,0,0,0,0,1,0,0,1,0,0,0,1,0,0,1,0,0,0
118126,Josou shite Mendokusai Koto ni Natteru Nekura to Yankee no Ryou Kataomoi,manga,currently_publishing,0,0,2018.0,,,gray,,0,0,Comedy|Crossdressing|Eligible Titles for You Should Read This|Romance,0,0,0,1,0,0,0,0,1,0,0,0,0,0,0,0,0,0,0
4228,Tonari no Shugoshin,manga,finished,2,8,2007.0,,,white,Cheese!,0,0,Drama|Fantasy|Romance|School|Shoujo,0,0,0,0,1,1,0,0,1,0,0,0,0,0,0,1,0,0,0
70717,Opapagoto,manga,finished,3,16,2013.0,2014.0,1.0,white,Shounen Sirius,0,0,Comedy|Girls Love|Romance|Shounen|Slice of Life,0,0,0,1,0,0,0,0,1,0,1,0,0,0,1,0,0,0,0
12269,Hammer Session!,manga,finished,11,96,2006.0,2008.0,2.0,white,Shounen Magazine (Weekly),0,0,Action|Comedy|Ecchi|School|Shounen,0,1,0,1,0,0,0,0,0,0,0,0,0,0,1,0,0,0,1
32975,Bouken Elektriciteit-tou,manga,currently_publishing,0,0,2010.0,,,white,Afternoon,0,0,Mystery|Seinen,0,0,0,0,0,0,0,1,0,0,0,0,0,0,0,0,1,0,0
146287,Level 1 kara Hajimaru Shoukan Musou the Comic,manga,currently_publishing,0,0,2022.0,,,white,Comic Ride,0,0,Eligible Titles for You Should Read This|Fantasy|Isekai|Reincarnation,0,0,0,0,0,1,0,0,0,0,0,0,0,0,0,0,0,0,0
146618,Drawing: Saikyou Mangaka wa Oekaki Skill de Isekai Musou suru!,manga,currently_publishing,0,0,2021.0,,,white,Comic Valkyrie,0,0,Adventure|Fantasy|Isekai|Reincarnation,0,0,1,0,0,1,0,0,0,0,0,0,0,0,0,0,0,0,0
1,Monster,manga,finished,18,162,1994.0,2001.0,7.0,white,Big Comic Original,0,0,Adult Cast|Award Winning|Drama|Mystery|Psychological|Seinen,1,0,0,0,1,0,0,1,0,0,0,0,0,0,0,0,1,0,0
10081,Yacchimai na!,manga,finished,1,4,2008.0,2008.0,0.0,white,Betsucomi,0,0,Comedy|Romance|Shoujo,0,0,0,1,0,0,0,0,1,0,0,0,0,0,0,1,0,0,0
104573,Jiken-Jaken!,manga,finished,7,92,2015.0,2020.0,5.0,white,Young Animal Arashi,0,0,Comedy|Mystery|School|Seinen,0,0,0,1,0,0,0,1,0,0,0,0,0,0,0,0,1,0,0
97034,Narrow: Place Collection,doujinshi,finished,1,3,2015.0,2015.0,0.0,gray,,0,0,Boys Love|Erotica,0,0,0,0,0,0,0,0,0,0,0,0,0,0,0,0,0,0,0
110036,Majo no Kaigashuu,manga,finished,8,32,2017.0,2020.0,3.0,white,Jump SQ.,1,0,Fantasy|Mythology|Shounen|Supernatural,0,0,0,0,0,1,0,0,0,0,0,0,1,0,1,0,0,0,0
2976,Ciguatera,manga,finished,6,69,2003.0,2005.0,2.0,white,Young Magazine (Weekly),0,0,Comedy|Drama|Psychological|Romance|School|Seinen|Slice of Life,1,0,0,1,1,0,0,0,1,0,1,0,0,0,0,0,1,0,0
116737,Chicchai Senpai ga Kawaisugiru.,manga,finished,2,28,2017.0,2019.0,2.0,white,Manga Home,0,0,Comedy|Romance|Slice of Life,0,0,0,1,0,0,0,0,1,0,1,0,0,0,0,0,0,0,0
666,Gakuen Heaven,manga,finished,1,3,2000.0,2004.0,4.0,gray,Biblos,0,0,Boys Love|Erotica|School,1,0,0,0,0,0,0,0,0,0,0,0,0,0,0,0,0,0,0
1685,Bitter Sweet Café,manga,finished,1,6,2005.0,2005.0,0.0,gray,,0,0,Boys Love|Erotica|Romance,0,0,0,0,0,0,0,0,1,0,0,0,0,0,0,0,0,0,0
147728,Villainess in Love,manhwa,finished,0,105,2019.0,2022.0,3.0,white,KakaoPage,0,0,Fantasy|Isekai|Romance|Villainess,0,0,0,0,0,1,0,0,1,0,0,0,0,0,0,0,0,0,0
19478,Eve no Jikan,manga,finished,3,29,2010.0,2012.0,2.0,white,Young Gangan,0,0,Drama|Sci-Fi|Seinen|Slice of Life,1,0,0,0,1,0,0,0,0,1,1,0,0,0,0,0,1,0,0
47575,Hajimete wo Anata to,manga,finished,1,4,2009.0,2011.0,2.0,white,Sho-Comi,0,0,Romance|School|Shoujo,0,0,0,0,0,0,0,0,1,0,0,0,0,0,0,1,0,0,0
8039,Hana no Namae,manga,finished,4,20,2004.0,2007.0,3.0,white,LaLa DX,0,0,Drama|Romance|Shoujo,1,0,0,0,1,0,0,0,1,0,0,0,0,0,0,1,0,0,0
1665,Sola,manga,finished,2,15,2006.0,2008.0,2.0,white,Dengeki Daioh,0,0,Drama|Fantasy|Romance|Shounen,1,0,0,0,1,1,0,0,1,0,0,0,0,0,1,0,0,0,0
49835,Gochuumon wa Usagi desu ka?,manga,currently_publishing,0,0,2011.0,,,white,Manga Time Kirara MAX,0,0,CGDCT|Comedy|Iyashikei|Workplace,1,0,0,1,0,0,0,0,0,0,0,0,0,0,0,0,0,0,0
33,Pita-Ten,manga,finished,8,47,1999.0,2003.0,4.0,white,Dengeki Comic Gao!,0,0,Comedy|Drama|Fantasy|Romance|Shounen,1,0,0,1,1,1,0,0,1,0,0,0,0,0,1,0,0,0,0
183078,Kaedegami,manga,finished,2,17,2025.0,2025.0,0.0,white,Shounen Jump (Weekly),1,1,Action|Eligible Titles for You Should Read This|Historical|Mythology|Romance|Shounen|Supernatural,0,1,0,0,0,0,0,0,1,0,0,0,1,0,1,0,0,0,0
160775,Rental Hero,manhwa,currently_publishing,0,0,2023.0,,,white,Naver Webtoon,0,0,Action|Super Power,0,1,0,0,0,0,0,0,0,0,0,0,0,0,0,0,0,0,0
3153,Q.E.D.: Shoumei Shuuryou,manga,finished,50,99,1997.0,2015.0,18.0,white,Monthly Shounen Magazine+,0,0,Award Winning|Mystery|Shounen,0,0,0,0,0,0,0,1,0,0,0,0,0,0,1,0,0,0,0
2131,"Koisuru Boukun dj - Aru Hi, Mori no Naka.",doujinshi,finished,8,0,2005.0,2016.0,11.0,gray,,0,0,Boys Love|Erotica,1,0,0,0,0,0,0,0,0,0,0,0,0,0,0,0,0,0,0
916,Lock Out!,one_shot,finished,0,1,2002.0,2002.0,0.0,gray,Chara Selection,0,0,Boys Love|Erotica,0,0,0,0,0,0,0,0,0,0,0,0,0,0,0,0,0,0,0
61057,Psycome,light_novel,finished,6,46,2013.0,2014.0,1.0,white,,0,0,Comedy|Ecchi|Harem|Psychological|Romance|School,0,0,0,1,0,0,0,0,1,0,0,0,0,0,0,0,0,0,1
11,Naruto,manga,finished,72,700,1999.0,2014.0,15.0,white,Shounen Jump (Weekly),1,1,Action|Adventure|Fantasy|Martial Arts|Shounen,1,1,1,0,0,1,0,0,0,0,0,0,0,0,1,0,0,0,0
135869,Chorokute Kawaii Kimi ga Suki,manga,finished,7,28,2021.0,2024.0,3.0,white,Dessert,0,0,Eligible Titles for You Should Read This|Romance|School|Shoujo,0,0,0,0,0,0,0,0,1,0,0,0,0,0,0,1,0,0,0
105436,Mado kara Madoka-chan,manga,finished,5,75,2017.0,2018.0,1.0,white,Morning,0,0,Comedy|Seinen|Slice of Life,0,0,0,1,0,0,0,0,0,0,1,0,0,0,0,0,1,0,0
112298,Yojouhan Isekai Kouryuuki,manga,finished,4,16,2017.0,2021.0,4.0,gray,Young Dragon Age,0,0,Comedy|Erotica|Fantasy|Seinen,0,0,0,1,0,1,0,0,0,0,0,0,0,0,0,0,1,0,0
2188,Anata wo Mamoritakute,one_shot,finished,0,1,2005.0,2005.0,0.0,gray,Love Mission,0,0,Boys Love|Erotica,0,0,0,0,0,0,0,0,0,0,0,0,0,0,0,0,0,0,0
1923,Kami to Sengoku Seitokai,manga,finished,10,80,2004.0,,,gray,Shounen Magazine (Weekly),0,0,Action|Ecchi|School|Shounen|Supernatural,0,1,0,0,0,0,0,0,0,0,0,0,1,0,1,0,0,0,1
90498,Dasei 67 Percent,manga,finished,9,99,2014.0,2022.0,8.0,white,Ultra Jump,1,0,Comedy|Seinen,0,0,0,1,0,0,0,0,0,0,0,0,0,0,0,0,1,0,0
134072,Cupid ni Rakurai: Tsuigeki,manga,finished,1,7,2019.0,2019.0,0.0,gray,Cab,0,0,Boys Love|Erotica|School,0,0,0,0,0,0,0,0,0,0,0,0,0,0,0,0,0,0,0
157247,Kingyoya-san no Karisome Fuufu,manga,currently_publishing,0,0,2022.0,,,white,Asuka,0,0,Drama|Romance|Shoujo|Workplace,0,0,0,0,1,0,0,0,1,0,0,0,0,0,0,1,0,0,0
1515,Baoh Raihousha,manga,finished,2,9,1984.0,1985.0,1.0,white,Shounen Jump (Weekly),1,1,Action|Gore|Sci-Fi|Shounen,1,1,0,0,0,0,0,0,0,1,0,0,0,0,1,0,0,0,0
152565,"Yuusha Party wo Oidasareta Kiyoubinbou: Party Jijou de Fuyo Jutsushi wo Yatteita Kenshi, Bannou e to Itaru",manga,currently_publishing,0,0,2021.0,,,white,Suiyoubi no Sirius,0,0,Action|Adventure|Eligible Titles for You Should Read This|Fantasy,1,1,1,0,0,1,0,0,0,0,0,0,0,0,0,0,0,0,0
168863,A Ranker's Guide to the Good Life,manhwa,currently_publishing,0,0,2024.0,,,white,KakaoPage,0,0,Fantasy|Reverse Harem|Romance|Urban Fantasy,0,0,0,0,0,1,0,0,1,0,0,0,0,0,0,0,0,0,0
75989,Boku no Hero Academia,manga,finished,42,432,2014.0,2024.0,10.0,white,Shounen Jump (Weekly),1,1,Action|School|Shounen|Super Power,1,1,0,0,0,0,0,0,0,0,0,0,0,0,1,0,0,0,0
11588,Celestial Zone,manga,finished,25,0,1999.0,2003.0,4.0,white,,0,0,Action|Historical|Martial Arts|Supernatural,1,1,0,0,0,0,0,0,0,0,0,0,1,0,0,0,0,0,0
967,Kurozuka,manga,finished,10,40,2002.0,2006.0,4.0,white,Oh Super Jump,1,0,Sci-Fi|Seinen|Supernatural,1,0,0,0,0,0,0,0,0,1,0,0,1,0,0,0,1,0,0
1630,JoJo no Kimyou na Bouken Part 2: Sentou Chouryuu,manga,finished,7,69,1987.0,1989.0,2.0,white,Shounen Jump (Weekly),1,1,Action|Adventure|Historical|Shounen|Vampire,1,1,1,0,0,0,0,0,0,0,0,0,0,0,1,0,0,0,0
180510,The Unorthodox Genius of the House of Darkness,manhwa,currently_publishing,0,0,2025.0,,,white,KakaoPage,0,0,Fantasy|Reincarnation|Time Travel,0,0,0,0,0,1,0,0,0,0,0,0,0,0,0,0,0,0,0
10,xxxHOLiC,manga,finished,19,213,2003.0,2011.0,8.0,white,Young Magazine (Weekly),0,0,Comedy|Drama|Mystery|Seinen|Supernatural,1,0,0,1,1,0,0,1,0,0,0,0,1,0,0,0,1,0,0
149193,Dear Nemesis,manhwa,finished,0,115,2022.0,2024.0,2.0,white,Naver Webtoon,0,0,Drama|Fantasy|Romance|Time Travel,1,0,0,0,1,1,0,0,1,0,0,0,0,0,0,0,0,0,0
46226,Shibaraku,manga,finished,2,0,2009.0,2011.0,2.0,white,Shounen Ace,0,0,Action|Adventure|Historical|Shounen,1,1,1,0,0,0,0,0,0,0,0,0,0,0,1,0,0,0,0
125699,Ore ga Watashi ni Naru made,manga,currently_publishing,0,0,2019.0,,,white,ComicWalker,0,0,Drama|Magical Sex Shift|School|Slice of Life,0,0,0,0,1,0,0,0,0,0,1,0,0,0,0,0,0,0,0
128677,Cthulhu no Yobigoe: Lovecraft Kessakushuu,manga,finished,1,7,2019.0,2019.0,0.0,white,Comic Beam,0,0,Horror|Mystery|Psychological|Seinen|Supernatural,0,0,0,0,0,0,1,1,0,0,0,0,1,0,0,0,1,0,0
34755,"Yozora no Sumikko de,",manga,finished,1,10,2011.0,2013.0,2.0,white,HertZ,0,0,Boys Love,0,0,0,0,0,0,0,0,0,0,0,0,0,0,0,0,0,0,0
2927,Slut Onna,manga,finished,1,6,1999.0,1999.0,0.0,gray,,0,0,Comedy|Erotica|Girls Love|Hentai,1,0,0,1,0,0,0,0,0,0,0,0,0,0,0,0,0,0,0
122016,Madou no Keifu,manga,finished,6,32,2019.0,2023.0,4.0,white,MAGCOMI,0,0,Fantasy,0,0,0,0,0,1,0,0,0,0,0,0,0,0,0,0,0,0,0
11273,Shin Takarajima,manga,finished,1,0,1984.0,1984.0,0.0,white,,0,0,Adventure,1,0,1,0,0,0,0,0,0,0,0,0,0,0,0,0,0,0,0
166205,Low Tide in Twilight,manhwa,finished,0,117,2021.0,2026.0,5.0,gray,Bomtoon,0,0,Boys Love|Drama|Erotica,0,0,0,0,1,0,0,0,0,0,0,0,0,0,0,0,0,0,0
103489,Issak,manga,finished,19,100,2017.0,2025.0,8.0,white,Afternoon,0,0,Action|Eligible Titles for You Should Read This|Historical|Seinen,0,1,0,0,0,0,0,0,0,0,0,0,0,0,0,0,1,0,0
3718,Uchuu Eiyuu Monogatari,manga,finished,8,0,1988.0,1996.0,8.0,white,Comic Comp,0,0,Adventure|Comedy|Space,1,0,1,1,0,0,0,0,0,0,0,0,0,0,0,0,0,0,0
42695,Cross Manage,manga,finished,5,43,2012.0,2013.0,1.0,white,Shounen Jump (Weekly),1,1,Comedy|Romance|Shounen|Slice of Life|Sports|Team Sports,0,0,0,1,0,0,0,0,1,0,1,1,0,0,1,0,0,0,0
143510,Otome Game no Heroine de Saikyou Survival @comic,manga,currently_publishing,0,0,2021.0,,,white,Comic Corona,0,0,Adventure|Eligible Titles for You Should Read This|Fantasy,1,0,1,0,0,1,0,0,0,0,0,0,0,0,0,0,0,0,0
14,Rave,manga,finished,35,298,1999.0,2005.0,6.0,white,Shounen Magazine (Weekly),0,0,Adventure|Comedy|Fantasy|Shounen,1,0,1,1,0,1,0,0,0,0,0,0,0,0,1,0,0,0,0
151508,Ginka to Glüna,manga,finished,4,32,2022.0,2023.0,1.0,white,Shounen Jump (Weekly),1,1,Action|Adventure|Fantasy|Shounen,0,1,1,0,0,1,0,0,0,0,0,0,0,0,1,0,0,0,0
140551,Atarashii Kimi e,manga,finished,6,24,2021.0,2023.0,2.0,white,Ultra Jump,1,0,Drama|Romance|Seinen,0,0,0,0,1,0,0,0,1,0,0,0,0,0,0,0,1,0,0
5745,Love Luck,manga,finished,1,6,2007.0,2008.0,1.0,white,Margaret,0,0,Comedy|Romance|Shoujo,0,0,0,1,0,0,0,0,1,0,0,0,0,0,0,1,0,0,0
775,Haru wo Daiteita,manga,finished,14,78,1999.0,2009.0,10.0,gray,Be-Boy Gold,0,0,Boys Love|Drama|Erotica|Romance|Slice of Life,0,0,0,0,1,0,0,0,1,0,1,0,0,0,0,0,0,0,0
131285,A Tender Heart: The Story of How I Became a Duke's Maid,manhwa,finished,6,20,2019.0,2022.0,3.0,white,KakaoPage,0,0,Fantasy|Reincarnation|Romance,0,0,0,0,0,1,0,0,1,0,0,0,0,0,0,0,0,0,0
151109,Heiwa no Kuni no Shimazaki e,manga,currently_publishing,0,0,2022.0,,,white,Morning,0,0,Action|Adult Cast|Drama|Eligible Titles for You Should Read This|Seinen,0,1,0,0,1,0,0,0,0,0,0,0,0,0,0,0,1,0,0
18,Kodomo no Omocha,manga,finished,10,54,1994.0,1998.0,4.0,white,Ribon Magazine,0,0,Award Winning|Comedy|Drama|Love Polygon|Romance|School|Shoujo|Showbiz|Slice of Life,1,0,0,1,1,0,0,0,1,0,1,0,0,0,0,1,0,0,0
114825,Hitman,manga,finished,13,128,2018.0,2021.0,3.0,white,Shounen Magazine (Weekly),0,0,Comedy|Romance|Shounen,1,0,0,1,0,0,0,0,1,0,0,0,0,0,1,0,0,0,0
106682,Ookumo-chan Flashback,manga,finished,6,35,2017.0,2020.0,3.0,white,Afternoon,0,0,School|Seinen|Slice of Life,1,0,0,0,0,0,0,0,0,0,1,0,0,0,0,0,1,0,0
103268,No Game No Life: Practical War Game,light_novel,finished,1,6,2016.0,2016.0,0.0,white,,0,0,Comedy|Fantasy|Isekai,1,0,0,1,0,1,0,0,0,0,0,0,0,0,0,0,0,0,0
114006,Nora to Zassou,manga,finished,4,26,2018.0,2020.0,2.0,white,Morning Two,0,0,Drama|Seinen,0,0,0,0,1,0,0,0,0,0,0,0,0,0,0,0,1,0,0
161352,A Superstar From Birth,manhwa,currently_publishing,0,0,2023.0,,,white,KakaoPage,0,0,Drama|Reincarnation|Showbiz,0,0,0,0,1,0,0,0,0,0,0,0,0,0,0,0,0,0,0
146774,Random Chat,manhwa,finished,0,351,2017.0,2024.0,7.0,white,Naver Webtoon,0,0,Action|Drama|School,1,1,0,0,1,0,0,0,0,0,0,0,0,0,0,0,0,0,0
132939,Touch to Unlock,manhwa,finished,0,109,2019.0,2022.0,3.0,gray,Lezhin Comics Webtoon,0,0,Erotica|Harem|Supernatural,1,0,0,0,0,0,0,0,0,0,0,0,1,0,0,0,0,0,0
174472,Solo Resurrection,manhwa,currently_publishing,0,0,2024.0,,,white,KakaoPage,0,0,Action|Fantasy,0,1,0,0,0,1,0,0,0,0,0,0,0,0,0,0,0,0,0
13122,Baki Gaiden: Scarface,manga,on_hiatus,8,66,2005.0,2018.0,13.0,white,Shounen Champion (Weekly),0,0,Action|Gore|Seinen,0,1,0,0,0,0,0,0,0,0,0,0,0,0,0,0,1,0,0
9935,Afro Samurai,manga,finished,2,10,2008.0,2009.0,1.0,white,,0,0,Samurai,1,0,0,0,0,0,0,0,0,0,0,0,0,0,0,0,0,0,0
3209,"Zenbu, Kimi no Mono.",one_shot,finished,0,1,2006.0,2006.0,0.0,white,Sho-Comi,0,0,Romance|Shoujo,0,0,0,0,0,0,0,0,1,0,0,0,0,0,0,1,0,0,0
1566,Doll,manga,finished,1,5,1996.0,1996.0,0.0,white,,0,0,Romance|Shoujo,1,0,0,0,0,0,0,0,1,0,0,0,0,0,0,1,0,0,0
11977,Bambino!,manga,finished,15,164,2004.0,2009.0,5.0,white,Big Comic Spirits,0,1,Award Winning|Drama|Gourmet|Seinen|Slice of Life,1,0,0,0,1,0,0,0,0,0,1,0,0,0,0,0,1,0,0
1578,Kizuna,manga,finished,11,56,1992.0,2008.0,16.0,gray,Magazine Be x Boy,0,0,Boys Love|Drama|Erotica,1,0,0,0,1,0,0,0,0,0,0,0,0,0,0,0,0,0,0
209,Seiyou Kottou Yougashiten,manga,finished,4,23,1999.0,2002.0,3.0,white,Wings,0,0,Award Winning|Comedy|Shoujo|Slice of Life,1,0,0,1,0,0,0,0,0,0,1,0,0,0,0,1,0,0,0
4632,Oyasumi Punpun,manga,finished,13,147,2007.0,2013.0,6.0,white,Big Comic Spirits,0,1,Drama|Psychological|Seinen|Slice of Life,1,0,0,0,1,0,0,0,0,0,1,0,0,0,0,0,1,0,0
40225,Naruto Ninden Series,light_novel,finished,2,14,2010.0,2015.0,5.0,white,,0,0,Action|Adventure|Fantasy|Shounen,0,1,1,0,0,1,0,0,0,0,0,0,0,0,1,0,0,0,0
63,"""Aruto"" no ""A""",manga,finished,4,0,1988.0,1990.0,2.0,white,Betsucomi,0,0,Drama|Music|Romance|Shoujo,1,0,0,0,1,0,0,0,1,0,0,0,0,0,0,1,0,0,0
656,Vagabond,manga,on_hiatus,37,327,1998.0,2015.0,17.0,white,Morning,0,0,Action|Adventure|Award Winning|Historical|Samurai|Seinen,1,1,1,0,0,0,0,0,0,0,0,0,0,0,0,0,1,0,0
102787,Innocent Devil,manga,finished,4,18,2016.0,2018.0,2.0,white,Gangan Joker,0,0,Action|Horror|Psychological|Shounen|Supernatural,0,1,0,0,0,0,1,0,0,0,0,0,1,0,1,0,0,0,0
107579,Osananajimi ga Do M de Tsundere Nan desu ga,manga,finished,1,6,2016.0,2016.0,0.0,gray,B's-LOVEY recottia,0,0,Boys Love|Erotica|Romance,1,0,0,0,0,0,0,0,1,0,0,0,0,0,0,0,0,0,0
128119,Deatte Hitotsuki de Zecchou Jorei! @comic,manga,currently_publishing,0,0,2020.0,,,gray,MangaONE,0,0,Comedy|Ecchi|Supernatural,0,0,0,1,0,0,0,0,0,0,0,0,1,0,0,0,0,0,1
12052,Bambi no Tegami,manga,finished,1,5,2007.0,2007.0,0.0,white,Bessatsu Margaret,0,0,Romance|Shoujo,0,0,0,0,0,0,0,0,1,0,0,0,0,0,0,1,0,0,0
59263,Hitotsu Yane no Shita no,manga,finished,3,18,2012.0,2014.0,2.0,white,Comic High!,0,0,Comedy|Romance|School|Seinen|Slice of Life,0,0,0,1,0,0,0,0,1,0,1,0,0,0,0,0,1,0,0
44347,One Punch-Man,manga,currently_publishing,0,0,2012.0,,,white,Tonari no Young Jump,1,0,Action|Adult Cast|Comedy|Parody|Seinen|Super Power,1,1,0,1,0,0,0,0,0,0,0,0,0,0,0,0,1,0,0
1313,Gosick,light_novel,finished,9,0,2003.0,2011.0,8.0,white,,0,0,Drama|Historical|Mystery|Romance|School|Shounen,1,0,0,0,1,0,0,1,1,0,0,0,0,0,1,0,0,0,0
3275,Irokoi Comedy,manga,finished,1,8,,,,gray,,0,0,Boys Love|Erotica,1,0,0,0,0,0,0,0,0,0,0,0,0,0,0,0,0,0,0
94857,Kenka Banchou Otome: Koi no Battle Royal,manga,finished,2,8,2015.0,2017.0,2.0,white,The Hana to Yume,0,0,Action|Comedy|Crossdressing|Romance|School|Shoujo,1,1,0,1,0,0,0,0,1,0,0,0,0,0,0,1,0,0,0
2,Berserk,manga,currently_publishing,0,0,1989.0,,,white,Young Animal,0,0,Action|Adventure|Award Winning|Drama|Fantasy|Gore|Horror|Military|Psychological|Seinen,1,1,1,0,1,1,1,0,0,0,0,0,0,0,0,0,1,0,0
31,Lovely★Complex,manga,finished,17,68,2001.0,2007.0,6.0,white,Bessatsu Margaret,0,0,Award Winning|Comedy|Drama|Romance|School|Shoujo,1,0,0,1,1,0,0,0,1,0,0,0,0,0,0,1,0,0,0
26612,Ore no Kanojo to Osananajimi ga Shuraba sugiru,manga,finished,7,37,2011.0,2014.0,3.0,white,Gangan Joker,0,0,Comedy|Romance|School|Shounen,1,0,0,1,0,0,0,0,1,0,0,0,0,0,1,0,0,0,0
133991,Shujinkou ja Nai!,manga,finished,5,31,2020.0,2023.0,3.0,white,Comp Ace,0,0,Action|Adventure|Fantasy|Isekai|Reincarnation,0,1,1,0,0,1,0,0,0,0,0,0,0,0,0,0,0,0,0
91,Marmalade Boy,manga,finished,8,40,1992.0,1995.0,3.0,white,Ribon Magazine,0,0,Comedy|Drama|Romance|Shoujo,1,0,0,1,1,0,0,0,1,0,0,0,0,0,0,1,0,0,0
35,Kamichama Karin,manga,finished,7,32,2002.0,2008.0,6.0,white,Nakayoshi,0,0,Comedy|Drama|Mahou Shoujo|Romance|Shoujo,1,0,0,1,1,0,0,0,1,0,0,0,0,0,0,1,0,0,0
165875,Obsidian Bride,manhwa,currently_publishing,0,0,2023.0,,,white,Naver Webtoon,0,0,Fantasy|Romance,0,0,0,0,0,1,0,0,1,0,0,0,0,0,0,0,0,0,0
159662,"Reporting for Duty, Duchess!",manhwa,finished,0,101,2022.0,2024.0,2.0,white,Naver Webtoon,0,0,Fantasy|Isekai|Romance,0,0,0,0,0,1,0,0,1,0,0,0,0,0,0,0,0,0,0
2730,Hand Which,manga,finished,1,7,2004.0,2006.0,2.0,gray,Reijin,0,0,Boys Love|Comedy|Erotica|Slice of Life,0,0,0,1,0,0,0,0,0,0,1,0,0,0,0,0,0,0,0
113459,Rosen Blood: Haitoku no Meikan,manga,finished,5,27,2017.0,2022.0,5.0,white,Princess,0,0,Fantasy|Horror|Reverse Harem|Romance|Shoujo,0,0,0,0,0,1,1,0,1,0,0,0,0,0,0,1,0,0,0
25952,Machine-Doll wa Kizutsukanai,light_novel,finished,17,141,2009.0,2017.0,8.0,gray,,0,0,Action|Ecchi|Fantasy|School,1,1,0,0,0,1,0,0,0,0,0,0,0,0,0,0,0,0,1
112633,Enami-kun wa Ikiru no ga Tsurai,manga,finished,4,26,2017.0,2021.0,4.0,white,Manga Time Kirara Forward,0,0,Comedy|Romance|School|Slice of Life,0,0,0,1,0,0,0,0,1,0,1,0,0,0,0,0,0,0,0
1530,Code Geass: Hankou no Suzaku,manga,finished,2,8,2006.0,2008.0,2.0,white,Beans Ace,0,0,Action|Military|Sci-Fi|Super Power,1,1,0,0,0,0,0,0,0,1,0,0,0,0,0,0,0,0,0
47851,Torikago Syndrome,manga,finished,2,9,2012.0,2013.0,1.0,white,Asuka,0,0,Boys Love|Drama|Harem|Mystery|Psychological|School|Shoujo,0,0,0,0,1,0,0,1,0,0,0,0,0,0,0,1,0,0,0
187,Kindan no Koi wo Shiyou,manga,finished,1,5,2000.0,2000.0,0.0,white,Petit Comic,0,0,Drama|Fantasy|Josei|Romance,0,0,0,0,1,1,0,0,1,0,0,0,0,0,0,0,0,1,0
153975,Isekai Walking,manga,currently_publishing,0,0,2022.0,,,white,Magazine pocket,0,0,Adventure|Eligible Titles for You Should Read This|Fantasy|Isekai,0,0,1,0,0,1,0,0,0,0,0,0,0,0,0,0,0,0,0
17754,Kimi ni Moete Ii desu ka?,manga,finished,1,6,,,,white,Cheese!,0,0,Romance|Shoujo,0,0,0,0,0,0,0,0,1,0,0,0,0,0,0,1,0,0,0
135630,Shounen wo Kau,manga,finished,6,31,2020.0,2023.0,3.0,white,Web Comic Zenyon,0,0,Slice of Life,0,0,0,0,0,0,0,0,0,0,1,0,0,0,0,0,0,0,0
104578,[24→←14],doujinshi,finished,3,0,2007.0,2007.0,0.0,gray,,0,0,Hentai|School,1,0,0,0,0,0,0,0,0,0,0,0,0,0,0,0,0,0,0
2707,Yakusoku no Yokan,one_shot,finished,0,1,,,,gray,,0,0,Boys Love|Erotica,1,0,0,0,0,0,0,0,0,0,0,0,0,0,0,0,0,0,0
147518,"Issho ni Ken no Shugyou wo Shita Osananajimi ga Dorei ni Natteita node, S-Rank Boukensha no Boku wa Kanojo wo Katte Mamoru Koto ni Shita",manga,currently_publishing,0,0,2022.0,,,gray,Dengeki Daioh,0,0,Ecchi|Fantasy|Romance,0,0,0,0,0,1,0,0,1,0,0,0,0,0,0,0,0,0,1
44755,Itou Junji Kyoufu Manga Collection: Kubi Gensou,manga,finished,1,6,1989.0,1993.0,4.0,white,Hontou ni Atta Kowai Hanashi,0,0,Drama|Horror|Psychological|Seinen|Supernatural|Suspense,0,0,0,0,1,0,1,0,0,0,0,0,1,0,0,0,1,0,0
1874,Cherish,manga,finished,1,5,2005.0,2006.0,1.0,white,Chorus,0,0,Drama|Josei|Romance,0,0,0,0,1,0,0,0,1,0,0,0,0,0,0,0,0,1,0
3522,Kieli: Shisha-tachi wa Kouya ni Nemuru,manga,finished,2,7,2005.0,2006.0,1.0,white,Mystery Bonita,0,0,Adventure|Fantasy|Mystery|Shoujo|Supernatural,0,0,1,0,0,1,0,1,0,0,0,0,1,0,0,1,0,0,0
125764,Shuumatsu no Walküre: Lu Bu Housen Hishouden,manga,finished,7,29,2019.0,2022.0,3.0,white,Comic Zenon,0,0,Action|Historical|Seinen,1,1,0,0,0,0,0,0,0,0,0,0,0,0,0,0,1,0,0
20673,Marshmallow♡Ecchi,manga,finished,4,31,2008.0,2011.0,3.0,gray,Comic Marble,0,0,Ecchi|Romance|School|Seinen,0,0,0,0,0,0,0,0,1,0,0,0,0,0,0,0,1,0,1
121344,Boku ga Yuusha de Maou mo Boku de,manga,finished,4,21,2019.0,2021.0,2.0,gray,Comic Alive,0,0,Adventure|Comedy|Ecchi|Fantasy|Harem|Romance|Seinen,0,0,1,1,0,1,0,0,1,0,0,0,0,0,0,0,1,0,1
2574,Galism: Renai Joutou 3 Shimai,manga,finished,6,28,2005.0,2008.0,3.0,white,Betsucomi,0,0,Comedy|Romance|School|Shoujo,0,0,0,1,0,0,0,0,1,0,0,0,0,0,0,1,0,0,0
1911,Gakkou no Ojikan,manga,finished,17,115,2003.0,2008.0,5.0,white,Margaret,0,0,Comedy|Romance|School|Shoujo,0,0,0,1,0,0,0,0,1,0,0,0,0,0,0,1,0,0,0
148119,Empress of Another World,manhwa,finished,0,130,2016.0,2019.0,3.0,white,KakaoPage,0,0,Drama|Fantasy|Isekai|Romance,0,0,0,0,1,1,0,0,1,0,0,0,0,0,0,0,0,0,0
1683,Kubikiri Asa,manga,finished,10,54,1972.0,1976.0,4.0,white,Shuukan Gendai,0,0,Action|Drama|Historical|Samurai,0,1,0,0,1,0,0,0,0,0,0,0,0,0,0,0,0,0,0
3439,Junai Strip,manga,finished,1,4,2005.0,2005.0,0.0,white,Cheese!,0,0,Comedy|Drama|Romance|School|Shoujo,0,0,0,1,1,0,0,0,1,0,0,0,0,0,0,1,0,0,0
99386,Sword Art Online: Project Alicization,manga,finished,5,30,2016.0,2021.0,5.0,white,Web DenPlay Comic,0,0,Action|Fantasy|Video Game,1,1,0,0,0,1,0,0,0,0,0,0,0,0,0,0,0,0,0
140062,Alice-san Chi no Iroribata,manga,finished,4,31,2020.0,2023.0,3.0,white,Ultra Jump,1,0,Gourmet|Seinen|Slice of Life,0,0,0,0,0,0,0,0,0,0,1,0,0,0,0,0,1,0,0
4780,Shina Dark: Kuroki Tsuki no Ou to Souheki no Tsuki no Himegimi,manga,finished,4,20,2006.0,2009.0,3.0,white,Dengeki Daioh,0,0,Comedy|Ecchi|Fantasy|Harem|Seinen|Supernatural,1,0,0,1,0,1,0,0,0,0,0,0,1,0,0,0,1,0,1
68471,Stretch,manga,finished,4,46,2013.0,2015.0,2.0,white,Yawaraka Spirits,0,0,Comedy|Slice of Life,0,0,0,1,0,0,0,0,0,0,1,0,0,0,0,0,0,0,0
131580,Sex Drop,manga,finished,2,13,2019.0,2022.0,3.0,gray,G-Lish,0,0,Boys Love|Erotica,0,0,0,0,0,0,0,0,0,0,0,0,0,0,0,0,0,0,0
49331,Mondaiji-tachi ga Isekai kara Kuru Sou desu yo?,manga,finished,4,18,2012.0,2014.0,2.0,white,Comp Ace,0,0,Action|Adventure|Comedy|Fantasy|Isekai|Mythology,1,1,1,1,0,1,0,0,0,0,0,0,0,0,0,0,0,0,0
9429,Touhou Bougetsushou: Tsuki no Inaba to Chijou no Inaba,manga,finished,2,30,2007.0,2009.0,2.0,white,Manga 4-koma Palette,0,0,Comedy|Fantasy,0,0,0,1,0,1,0,0,0,0,0,0,0,0,0,0,0,0,0
2747,Giglio,doujinshi,finished,1,3,2006.0,2007.0,1.0,gray,Reijin,0,0,Boys Love|Drama|Erotica|Historical,0,0,0,0,1,0,0,0,0,0,0,0,0,0,0,0,0,0,0
98225,Yu☆Gi☆Oh!: Transcend Game,manga,finished,0,2,2016.0,2016.0,0.0,white,Shounen Jump (Weekly),1,1,Adventure|Shounen|Strategy Game,1,0,1,0,0,0,0,0,0,0,0,0,0,0,1,0,0,0,0
16498,Satou-kun to Tanaka-san: The Blood Highschool,manga,currently_publishing,0,0,2007.0,,,white,Zero-Sum Online,0,0,Josei|Romance|School|Supernatural,1,0,0,0,0,0,0,0,1,0,0,0,1,0,0,0,0,1,0
130277,Natsume Arata no Kekkon,manga,finished,12,106,2019.0,2024.0,5.0,white,Big Comic Superior,0,0,Award Winning|Eligible Titles for You Should Read This|Mystery|Psychological|Seinen|Suspense,0,0,0,0,0,0,0,1,0,0,0,0,0,0,0,0,1,0,0
130951,Koi wa Ii kara Nemuritai!,manga,finished,2,15,2019.0,2022.0,3.0,white,Comic REX,0,0,Romance|School|Shounen,0,0,0,0,0,0,0,0,1,0,0,0,0,0,1,0,0,0,0
88675,Kyochuu Rettou,manga,finished,6,24,2014.0,2019.0,5.0,white,Champion Cross,0,0,Gore|Horror|Survival,1,0,0,0,0,0,1,0,0,0,0,0,0,0,0,0,0,0,0
7,Hajime no Ippo,manga,currently_publishing,0,0,1989.0,,,white,Shounen Magazine (Weekly),0,0,Award Winning|Combat Sports|Shounen|Sports,1,0,0,0,0,0,0,0,0,0,0,1,0,0,1,0,0,0,0
16484,Double Mints,manga,finished,1,7,2009.0,2009.0,0.0,gray,Mellow Mellow,0,0,Boys Love|Drama|Erotica,0,0,0,0,1,0,0,0,0,0,0,0,0,0,0,0,0,0,0
29513,Renai Manga,manga,finished,1,8,2010.0,2011.0,1.0,gray,Tsubomi,0,0,Girls Love,0,0,0,0,0,0,0,0,0,0,0,0,0,0,0,0,0,0,0
166045,"Koukousei Web Sakka no Mote Seikatsu ""Anta ga Kami Sakka na Wakenai desho"" to Boku wo Futta Osananajimi ga Koukai shiteru kedo Mou Osoi",manga,currently_publishing,0,0,2022.0,,,gray,Young Gangan,0,0,Comedy|Ecchi|Eligible Titles for You Should Read This|Harem|Romance|School|Seinen,0,0,0,1,0,0,0,0,1,0,0,0,0,0,0,0,1,0,1
121645,Shark na Kanojo no Territory,manga,discontinued,1,8,2018.0,2019.0,1.0,white,Yawaraka Spirits,0,0,Comedy|Romance|School,0,0,0,1,0,0,0,0,1,0,0,0,0,0,0,0,0,0,0
15035,Isuca,manga,finished,9,66,2009.0,2017.0,8.0,gray,Young Ace,0,0,Action|Comedy|Ecchi|Romance|School|Seinen|Supernatural,1,1,0,1,0,0,0,0,1,0,0,0,1,0,0,0,1,0,1
22222,17-sai: Tabidachi no Futari,manga,finished,1,0,2003.0,,,white,Nakayoshi,0,0,Shoujo,1,0,0,0,0,0,0,0,0,0,0,0,0,0,0,1,0,0,0
112885,Kono Koi wa Fukami-kun no Plan ni wa Nai.,manga,finished,3,32,2017.0,2020.0,3.0,white,Manga Home,0,0,Comedy|Romance|School|Slice of Life,0,0,0,1,0,0,0,0,1,0,1,0,0,0,0,0,0,0,0
5103,Taiyou no Kikoushi,manga,finished,1,6,2007.0,2007.0,0.0,gray,Chara,0,0,Boys Love|Erotica,0,0,0,0,0,0,0,0,0,0,0,0,0,0,0,0,0,0,0
17792,8.1: Yamada Yuusuke Gekijou,manga,finished,2,6,2009.0,2010.0,1.0,white,Dragon Age,0,0,High Stakes Game|Horror|Shounen|Supernatural|Suspense,0,0,0,0,0,0,1,0,0,0,0,0,1,0,1,0,0,0,0
124923,Hatsukoi Encounter,manga,finished,1,6,2017.0,2018.0,1.0,gray,Mellow Kiss,0,0,Boys Love|Erotica|School,0,0,0,0,0,0,0,0,0,0,0,0,0,0,0,0,0,0,0
288,Othello,manga,finished,1,4,2002.0,,,gray,,0,0,Boys Love|Erotica,0,0,0,0,0,0,0,0,0,0,0,0,0,0,0,0,0,0,0
83439,Himekishi Seifuku Sensou,light_novel,finished,1,11,2014.0,2014.0,0.0,white,,0,0,Action|Fantasy,1,1,0,0,0,1,0,0,0,0,0,0,0,0,0,0,0,0,0
2061,Sakuran,manga,finished,1,13,2001.0,2003.0,2.0,white,Evening,0,0,Drama|Historical|Seinen,0,0,0,0,1,0,0,0,0,0,0,0,0,0,0,0,1,0,0
172191,Galaxias,manga,currently_publishing,0,0,2024.0,,,white,Shounen Magazine (Weekly),0,0,Action|Adventure|Eligible Titles for You Should Read This|Fantasy|Shounen,0,1,1,0,0,1,0,0,0,0,0,0,0,0,1,0,0,0,0
149259,Death Game Manga no Kuromaku Satsujinki no Imouto ni Tensei shite Shippai shita,manga,finished,6,30,2021.0,2024.0,3.0,white,pixiv Sylph,0,0,Reincarnation|Romance|Suspense,0,0,0,0,0,0,0,0,1,0,0,0,0,0,0,0,0,0,0
109045,Saikyou no Shokugyou wa Yuusha demo Kenja demo Naku Kanteishi (Kari) Rashii desu yo?,manga,currently_publishing,0,0,2017.0,,,white,AlphaPolis,0,0,Adventure|Comedy|Eligible Titles for You Should Read This|Fantasy|Isekai,1,0,1,1,0,1,0,0,0,0,0,0,0,0,0,0,0,0,0
158847,Lilia Pregnant the World End,manga,finished,5,41,2023.0,2024.0,1.0,gray,Sunday Webry,0,0,Comedy|Ecchi|Fantasy|Romance,0,0,0,1,0,1,0,0,1,0,0,0,0,0,0,0,0,0,1
1672,Shurayuki-hime,manga,finished,3,15,1972.0,1973.0,1.0,white,Weekly Playboy,0,0,Action|Drama|Historical,0,1,0,0,1,0,0,0,0,0,0,0,0,0,0,0,0,0,0
31651,Toaru Majutsu no Index SS,light_novel,finished,2,28,2007.0,2008.0,1.0,white,Dengeki Bunko Magazine,0,0,Comedy|Shounen|Supernatural,1,0,0,1,0,0,0,0,0,0,0,0,1,0,1,0,0,0,0
156255,"Sekai ni Hitori, Zenzokusei Mahou no Tsukaite",manga,currently_publishing,0,0,2022.0,,,white,Isekai Yanjan,0,0,Action|Adventure|Fantasy|Isekai|Reincarnation|Seinen,0,1,1,0,0,1,0,0,0,0,0,0,0,0,0,0,1,0,0
27,X,manga,on_hiatus,18,158,1992.0,2003.0,11.0,white,Asuka,0,0,Action|Drama|Fantasy|Psychological|Shoujo|Super Power|Supernatural,1,1,0,0,1,1,0,0,0,0,0,0,1,0,0,1,0,0,0
108146,Toshi Densetsu Bitch: Joshikai,manga,finished,1,9,2011.0,2016.0,5.0,gray,Comic Unreal,0,0,Hentai|Supernatural,0,0,0,0,0,0,0,0,0,0,0,0,1,0,0,0,0,0,0
100512,Kuma Kuma Kuma Bear,light_novel,currently_publishing,0,0,2015.0,,,white,,0,0,Adventure|Comedy|Fantasy|Isekai,1,0,1,1,0,1,0,0,0,0,0,0,0,0,0,0,0,0,0
120793,The Makeup Remover,manhwa,finished,7,26,2018.0,2020.0,2.0,white,Naver Webtoon,0,0,Comedy|Romance,0,0,0,1,0,0,0,0,1,0,0,0,0,0,0,0,0,0,0
2126,Akuma no Himitsu♥,manga,finished,1,5,2007.0,,,gray,Be-Boy Gold,0,0,Boys Love|Erotica|Fantasy,0,0,0,0,0,1,0,0,0,0,0,0,0,0,0,0,0,0,0
47068,Kingdom of Zombie,manhwa,finished,1,11,2012.0,2013.0,1.0,white,Comic Champ,0,0,Action|Adventure|Drama|Fantasy|Horror|Mythology|Supernatural,0,1,1,0,1,1,1,0,0,0,0,0,1,0,0,0,0,0,0
83005,Touhyou Game: Anata ni Kuroki Ippyou wo,manga,finished,3,17,2014.0,2015.0,1.0,white,Big Gangan,0,0,Horror|Mystery|School|Seinen,0,0,0,0,0,0,1,1,0,0,0,0,0,0,0,0,1,0,0
28897,Steins;Gate: Shijou Saikyou no Slight Fever,manga,on_hiatus,2,0,2011.0,2013.0,2.0,white,Shounen Ace,0,0,Adventure|Sci-Fi,1,0,1,0,0,0,0,0,0,1,0,0,0,0,0,0,0,0,0
55,Aishiteruze Baby★★,manga,finished,7,33,2002.0,2004.0,2.0,white,Ribon Magazine,0,0,Childcare|Comedy|Drama|Romance|School|Shoujo,1,0,0,1,1,0,0,0,1,0,0,0,0,0,0,1,0,0,0
90358,Sore wa Tabun Itoshii tte Koto,manga,finished,1,6,2014.0,2015.0,1.0,gray,Dear+,0,0,Boys Love|Erotica,0,0,0,0,0,0,0,0,0,0,0,0,0,0,0,0,0,0,0
57,Hanazakari no Kimitachi e,manga,finished,23,148,1996.0,2004.0,8.0,white,Hana to Yume,0,0,Comedy|Crossdressing|Drama|Love Polygon|Romance|School|Shoujo,1,0,0,1,1,0,0,0,1,0,0,0,0,0,0,1,0,0,0
9115,Ookami to Koushinryou,light_novel,currently_publishing,0,0,2006.0,,,white,,0,0,Adult Cast|Adventure|Drama|Fantasy|Historical|Romance|Supernatural,1,0,1,0,1,1,0,0,1,0,0,0,1,0,0,0,0,0,0
74,Air Gear,manga,finished,37,358,2002.0,2012.0,10.0,white,Shounen Magazine (Weekly),0,0,Action|Award Winning|Ecchi|School|Shounen|Supernatural,1,1,0,0,0,0,0,0,0,0,0,0,1,0,1,0,0,0,1
130493,Natsume to Natsume,manga,currently_publishing,0,0,2020.0,,,white,Comic ELMO,0,0,Comedy|Eligible Titles for You Should Read This|Romance|School,0,0,0,1,0,0,0,0,1,0,0,0,0,0,0,0,0,0,0
26206,Corpse Party: Musume,manga,finished,3,21,2010.0,2012.0,2.0,gray,Comic Alive,0,0,Ecchi|Gore|Horror|Mystery|Psychological|School|Seinen,0,0,0,0,0,0,1,1,0,0,0,0,0,0,0,0,1,0,1
16713,Burning Hell: Kami no Kuni,manga,finished,1,8,2008.0,2014.0,6.0,white,Big Comic Spirits,0,1,Action|Gore|Historical|Seinen,0,1,0,0,0,0,0,0,0,0,0,0,0,0,0,0,1,0,0
17851,Teen Spirit,manhwa,finished,4,25,2009.0,2011.0,2.0,white,Party,0,0,Comedy|Drama|Music|Shoujo,0,0,0,1,1,0,0,0,0,0,0,0,0,0,0,1,0,0,0
1705,Spriggan,manga,finished,11,59,1989.0,1996.0,7.0,white,Shounen Sunday Super,0,0,Action|Adventure|Mystery|Sci-Fi|Shounen,1,1,1,0,0,0,0,1,0,1,0,0,0,0,1,0,0,0,0
75903,Gunjou Senki,manga,finished,17,177,2013.0,2017.0,4.0,white,Young Jump,1,1,Action|Drama|Historical|Mystery|School|Seinen|Time Travel,0,1,0,0,1,0,0,1,0,0,0,0,0,0,0,0,1,0,0
34,Di Gi Charat: Koushiki Comic Anthology,manga,finished,4,72,1998.0,2000.0,2.0,white,From Gamers,0,0,Comedy|Fantasy|Sci-Fi|Shounen,1,0,0,1,0,1,0,0,0,1,0,0,0,0,1,0,0,0,0
152183,The Duke's Darling Daughter-in-Law,manhwa,currently_publishing,0,0,2022.0,,,white,KakaoPage,0,0,Fantasy|Isekai|Romance|Villainess,0,0,0,0,0,1,0,0,1,0,0,0,0,0,0,0,0,0,0
3580,Gorgeous☆Irene,manga,finished,1,5,1980.0,1986.0,6.0,white,Shounen Jump (Weekly),1,1,Action|Shounen,0,1,0,0,0,0,0,0,0,0,0,0,0,0,1,0,0,0,0
12471,Daichouhen Doraemon,manga,finished,24,126,1980.0,2004.0,24.0,white,CoroCoro Comic,0,0,Adventure|Comedy|Fantasy|Kids|Sci-Fi|Slice of Life,0,0,1,1,0,1,0,0,0,1,1,0,0,0,0,0,0,0,0
44,Gintama,manga,finished,77,709,2003.0,2019.0,16.0,white,Shounen Jump (Weekly),1,1,Action|Comedy|Gag Humor|Historical|Parody|Samurai|Sci-Fi|Shounen,1,1,0,1,0,0,0,0,0,1,0,0,0,0,1,0,0,0,0
89088,Nejimage Factor,manga,finished,6,32,2014.0,2018.0,4.0,gray,Young Animal Arashi,0,0,Comedy|Ecchi|Romance|School|Seinen,0,0,0,1,0,0,0,0,1,0,0,0,0,0,0,0,1,0,1
145595,Villain Duke's Precious One,manhwa,finished,0,127,2021.0,2024.0,3.0,white,KakaoPage,0,0,Fantasy|Reincarnation|Romance,0,0,0,0,0,1,0,0,1,0,0,0,0,0,0,0,0,0,0
471,Otona ni Nuts,manga,finished,4,16,2001.0,2002.0,1.0,white,Nakayoshi,0,0,Comedy|Romance|Shoujo|Supernatural,0,0,0,1,0,0,0,0,1,0,0,0,1,0,0,1,0,0,0
40,Black Cat,manga,finished,20,187,2000.0,2004.0,4.0,white,Shounen Jump (Weekly),1,1,Action|Adventure|Comedy|Fantasy|Shounen,1,1,1,1,0,1,0,0,0,0,0,0,0,0,1,0,0,0,0
1511,Fight no Akatsuki,manga,finished,7,65,2002.0,2003.0,1.0,white,Shounen Sunday,0,0,Comedy|School|Shounen|Sports|Team Sports,0,0,0,1,0,0,0,0,0,0,0,1,0,0,1,0,0,0,0
163052,Two on Ice,manga,finished,4,31,2023.0,2024.0,1.0,white,Shounen Jump (Weekly),1,1,Performing Arts|Shounen|Sports,0,0,0,0,0,0,0,0,0,0,0,1,0,0,1,0,0,0,0
1815,Tsuki no Toiki Ai no Kizu,manga,finished,1,8,2002.0,2002.0,0.0,white,Margaret,0,0,Historical|Romance|Shoujo,1,0,0,0,0,0,0,0,1,0,0,0,0,0,0,1,0,0,0
38271,Tachibana-san Chi no Dansei Jijou,doujinshi,finished,4,0,2011.0,2014.0,3.0,gray,,0,0,Drama|Hentai,0,0,0,0,1,0,0,0,0,0,0,0,0,0,0,0,0,0,0
52195,Ano Ko to Juliet,manga,finished,1,5,2012.0,2012.0,0.0,gray,Chara Selection,0,0,Boys Love|Drama|Slice of Life,1,0,0,0,1,0,0,0,0,0,1,0,0,0,0,0,0,0,0
164842,Ushiro no Seki no Gal ni Sukarete Shimatta. Mou Ore wa Dame Kamoshirenai.,manga,currently_publishing,0,0,2023.0,,,white,"Comic Dengeki Daioh ""g""",0,0,Eligible Titles for You Should Read This|Romance|School|Shounen,0,0,0,0,0,0,0,0,1,0,0,0,0,0,1,0,0,0,0
148175,I Woke Up as the Villain,manhwa,finished,0,175,2020.0,2024.0,4.0,white,KakaoPage,0,0,Action|Fantasy|Isekai|Reincarnation,0,1,0,0,0,1,0,0,0,0,0,0,0,0,0,0,0,0,0
93097,Monogatari Series: Off Season,light_novel,finished,4,155,2015.0,2017.0,2.0,white,,0,0,Comedy|Drama|Mystery|Supernatural|Vampire,1,0,0,1,1,0,0,1,0,0,0,0,1,0,0,0,0,0,0
6262,School Ningyo,manga,finished,5,32,2006.0,2017.0,11.0,white,Champion RED,0,1,Horror|Shounen|Supernatural,0,0,0,0,0,0,1,0,0,0,0,0,1,0,1,0,0,0,0
10874,Flat,manga,finished,8,45,2007.0,2013.0,6.0,white,Comic Avarus,0,0,Childcare|Comedy|School|Shoujo|Slice of Life,1,0,0,1,0,0,0,0,0,0,1,0,0,0,0,1,0,0,0
73781,"Mahou Shoujo Tart★Magica: The Legend of ""Jeanne d'Arc""",manga,finished,5,21,2013.0,2017.0,4.0,white,Manga Time Kirara☆Magica,0,0,Drama|Fantasy|Mahou Shoujo,0,0,0,0,1,1,0,0,0,0,0,0,0,0,0,0,0,0,0
